2025-12-02 11:18:54,223 [INFO] [MainThread] [root/log.py:69]: YASB v1.8.5
2025-12-02 11:18:54,224 [INFO] [Thread-1 (_run_server)] [cli_server/cli_server.py:212]: CLI server started v1.1.4
2025-12-02 11:18:54,224 [INFO] [MainThread] [cli_server/cli_server.py:104]: Log pipe server started
2025-12-02 11:18:54,260 [INFO] [MainThread] [root/config.py:64]: Created default config file at C:\Users\Moises.Dominguez\.config\yasb\config.yaml
2025-12-02 11:18:54,276 [INFO] [MainThread] [root/config.py:78]: Created default stylesheet at C:\Users\Moises.Dominguez\.config\yasb\styles.css
2025-12-02 11:18:55,067 [ERROR] [MainThread] [root/weather.py:60]: API key or location is missing. Please provide a valid API key and location.
2025-12-02 11:18:55,086 [INFO] [MainThread] [root/service.py:39]: AudioInputService starting...
2025-12-02 11:18:55,131 [INFO] [MainThread] [root/service.py:48]: AudioOutputService starting...
2025-12-02 11:18:55,928 [ERROR] [MainThread] [root/weather.py:60]: API key or location is missing. Please provide a valid API key and location.
2025-12-02 11:18:56,688 [ERROR] [MainThread] [root/weather.py:60]: API key or location is missing. Please provide a valid API key and location.
2025-12-02 11:18:57,209 [INFO] [MainThread] [root/bar_manager.py:85]: Starting KomorebiEventListener...
2025-12-02 11:18:57,209 [INFO] [MainThread] [root/bar_manager.py:85]: Starting SystemEventListener...
2025-12-02 11:18:57,210 [INFO] [MainThread] [root/bar_manager.py:85]: Starting WindowsNotificationEventListener...
2025-12-02 11:18:57,211 [INFO] [MainThread] [root/watcher.py:54]: Created file watcher for path C:\Users\Moises.Dominguez\.config\yasb
2025-12-02 11:18:57,365 [INFO] [Dummy-5] [root/event_listener.py:51]: Created named pipe yasb-fc3e9619-cfa2-11f0-872a-9cb1503e08e0
2025-12-02 11:18:57,408 [DEBUG] [MainThread] [qasync._windows._EventPoller/_windows.py:215]: Starting (proactor: <_IocpProactor overlapped#=0 result#=0>)...
2025-12-02 11:18:57,409 [DEBUG] [Dummy-8] [qasync._windows._EventWorker/_windows.py:195]: Thread started
2025-12-02 11:19:58,122 [ERROR] [MainThread] [root/config.py:115]: The config file 'C:\Users\Moises.Dominguez\.config\yasb\config.yaml' contains validation errors. Please fix:
glazewm_tiling_direction:
- unknown field

2025-12-02 11:20:28,235 [INFO] [MainThread] [root/controller.py:15]: Reloading Application because of config change.
2025-12-02 11:20:28,335 [INFO] [MainThread] [cli_server/cli_server.py:112]: Log pipe server stopped
2025-12-02 11:20:28,335 [DEBUG] [MainThread] [cli_server/cli_server.py:206]: CLI server stopped
2025-12-02 11:20:28,342 [INFO] [MainThread] [root/bar_manager.py:76]: Successfully loaded updated config and re-initialised all bars.
2025-12-02 11:20:28,735 [INFO] [MainThread] [root/log.py:69]: YASB v1.8.5
2025-12-02 11:20:28,736 [INFO] [Thread-1 (_run_server)] [cli_server/cli_server.py:212]: CLI server started v1.1.4
2025-12-02 11:20:28,736 [INFO] [MainThread] [cli_server/cli_server.py:104]: Log pipe server started
2025-12-02 11:20:28,737 [INFO] [MainThread] [root/main.py:45]: Waiting for previous YASB instance to exit...
2025-12-02 11:20:29,581 [INFO] [MainThread] [root/bar_manager.py:92]: Stopping KomorebiEventListener...
2025-12-02 11:20:29,581 [INFO] [MainThread] [root/bar_manager.py:92]: Stopping SystemEventListener...
2025-12-02 11:20:29,582 [INFO] [MainThread] [root/bar_manager.py:92]: Stopping WindowsNotificationEventListener...
2025-12-02 11:20:29,602 [DEBUG] [MainThread] [qasync._windows._EventPoller/_windows.py:220]: Stopping worker thread...
2025-12-02 11:20:29,604 [DEBUG] [Dummy-8] [qasync._windows._EventWorker/_windows.py:204]: Exiting thread
2025-12-02 11:20:29,615 [DEBUG] [MainThread] [qasync._windows._IocpProactor/_windows.py:78]: Closing
2025-12-02 11:20:29,989 [INFO] [MainThread] [root/main.py:71]: Previous instance exited, continuing startup.
2025-12-02 11:20:30,656 [ERROR] [MainThread] [root/weather.py:60]: API key or location is missing. Please provide a valid API key and location.
2025-12-02 11:20:30,676 [INFO] [MainThread] [root/service.py:39]: AudioInputService starting...
2025-12-02 11:20:30,728 [INFO] [MainThread] [root/service.py:48]: AudioOutputService starting...
2025-12-02 11:20:31,477 [ERROR] [MainThread] [root/weather.py:60]: API key or location is missing. Please provide a valid API key and location.
2025-12-02 11:20:31,871 [ERROR] [MainThread] [root/weather.py:60]: API key or location is missing. Please provide a valid API key and location.
2025-12-02 11:20:32,458 [INFO] [MainThread] [root/bar_manager.py:85]: Starting WindowsNotificationEventListener...
2025-12-02 11:20:32,459 [INFO] [MainThread] [root/bar_manager.py:85]: Starting KomorebiEventListener...
2025-12-02 11:20:32,459 [INFO] [MainThread] [root/bar_manager.py:85]: Starting SystemEventListener...
2025-12-02 11:20:32,460 [INFO] [MainThread] [root/watcher.py:54]: Created file watcher for path C:\Users\Moises.Dominguez\.config\yasb
2025-12-02 11:20:32,693 [INFO] [Dummy-5] [root/event_listener.py:51]: Created named pipe yasb-3504976d-cfa3-11f0-9bfb-9cb1503e08e0
2025-12-02 11:20:32,728 [DEBUG] [MainThread] [qasync._windows._EventPoller/_windows.py:215]: Starting (proactor: <_IocpProactor overlapped#=0 result#=0>)...
2025-12-02 11:20:32,731 [DEBUG] [Dummy-8] [qasync._windows._EventWorker/_windows.py:195]: Thread started
2025-12-02 11:22:21,303 [INFO] [MainThread] [root/controller.py:15]: Reloading Application because of config change.
2025-12-02 11:22:21,405 [INFO] [MainThread] [cli_server/cli_server.py:112]: Log pipe server stopped
2025-12-02 11:22:21,405 [DEBUG] [MainThread] [cli_server/cli_server.py:206]: CLI server stopped
2025-12-02 11:22:21,411 [INFO] [MainThread] [root/bar_manager.py:76]: Successfully loaded updated config and re-initialised all bars.
2025-12-02 11:22:21,743 [INFO] [MainThread] [root/log.py:69]: YASB v1.8.5
2025-12-02 11:22:21,743 [INFO] [Thread-1 (_run_server)] [cli_server/cli_server.py:212]: CLI server started v1.1.4
2025-12-02 11:22:21,745 [INFO] [MainThread] [cli_server/cli_server.py:104]: Log pipe server started
2025-12-02 11:22:21,745 [INFO] [MainThread] [root/main.py:45]: Waiting for previous YASB instance to exit...
2025-12-02 11:22:22,741 [INFO] [MainThread] [root/bar_manager.py:92]: Stopping WindowsNotificationEventListener...
2025-12-02 11:22:22,742 [INFO] [MainThread] [root/bar_manager.py:92]: Stopping KomorebiEventListener...
2025-12-02 11:22:22,742 [INFO] [MainThread] [root/bar_manager.py:92]: Stopping SystemEventListener...
2025-12-02 11:22:22,764 [DEBUG] [MainThread] [qasync._windows._EventPoller/_windows.py:220]: Stopping worker thread...
2025-12-02 11:22:22,774 [DEBUG] [Dummy-8] [qasync._windows._EventWorker/_windows.py:204]: Exiting thread
2025-12-02 11:22:22,790 [DEBUG] [MainThread] [qasync._windows._IocpProactor/_windows.py:78]: Closing
2025-12-02 11:22:22,998 [INFO] [MainThread] [root/main.py:71]: Previous instance exited, continuing startup.
2025-12-02 11:22:23,673 [ERROR] [MainThread] [root/weather.py:60]: API key or location is missing. Please provide a valid API key and location.
2025-12-02 11:22:23,692 [INFO] [MainThread] [root/service.py:39]: AudioInputService starting...
2025-12-02 11:22:23,744 [INFO] [MainThread] [root/service.py:48]: AudioOutputService starting...
2025-12-02 11:22:24,509 [ERROR] [MainThread] [root/weather.py:60]: API key or location is missing. Please provide a valid API key and location.
2025-12-02 11:22:25,017 [ERROR] [MainThread] [root/weather.py:60]: API key or location is missing. Please provide a valid API key and location.
2025-12-02 11:22:25,626 [INFO] [MainThread] [root/bar_manager.py:85]: Starting WindowsNotificationEventListener...
2025-12-02 11:22:25,627 [INFO] [MainThread] [root/bar_manager.py:85]: Starting SystemEventListener...
2025-12-02 11:22:25,627 [INFO] [MainThread] [root/bar_manager.py:85]: Starting KomorebiEventListener...
2025-12-02 11:22:25,627 [INFO] [MainThread] [root/watcher.py:54]: Created file watcher for path C:\Users\Moises.Dominguez\.config\yasb
2025-12-02 11:22:25,846 [INFO] [Dummy-5] [root/event_listener.py:51]: Created named pipe yasb-787898ca-cfa3-11f0-a287-9cb1503e08e0
2025-12-02 11:22:25,884 [DEBUG] [MainThread] [qasync._windows._EventPoller/_windows.py:215]: Starting (proactor: <_IocpProactor overlapped#=0 result#=0>)...
2025-12-02 11:22:25,886 [DEBUG] [Dummy-8] [qasync._windows._EventWorker/_windows.py:195]: Thread started
2025-12-02 11:24:21,624 [INFO] [MainThread] [root/controller.py:15]: Reloading Application because of config change.
2025-12-02 11:24:21,725 [INFO] [MainThread] [cli_server/cli_server.py:112]: Log pipe server stopped
2025-12-02 11:24:21,725 [DEBUG] [MainThread] [cli_server/cli_server.py:206]: CLI server stopped
2025-12-02 11:24:21,735 [INFO] [MainThread] [root/bar_manager.py:76]: Successfully loaded updated config and re-initialised all bars.
2025-12-02 11:24:22,109 [INFO] [MainThread] [root/log.py:69]: YASB v1.8.5
2025-12-02 11:24:22,109 [INFO] [Thread-1 (_run_server)] [cli_server/cli_server.py:212]: CLI server started v1.1.4
2025-12-02 11:24:22,110 [INFO] [MainThread] [cli_server/cli_server.py:104]: Log pipe server started
2025-12-02 11:24:22,110 [INFO] [MainThread] [root/main.py:45]: Waiting for previous YASB instance to exit...
2025-12-02 11:24:23,070 [INFO] [MainThread] [root/bar_manager.py:92]: Stopping WindowsNotificationEventListener...
2025-12-02 11:24:23,070 [INFO] [MainThread] [root/bar_manager.py:92]: Stopping SystemEventListener...
2025-12-02 11:24:23,071 [INFO] [MainThread] [root/bar_manager.py:92]: Stopping KomorebiEventListener...
2025-12-02 11:24:23,092 [DEBUG] [MainThread] [qasync._windows._EventPoller/_windows.py:220]: Stopping worker thread...
2025-12-02 11:24:23,095 [DEBUG] [Dummy-8] [qasync._windows._EventWorker/_windows.py:204]: Exiting thread
2025-12-02 11:24:23,104 [DEBUG] [MainThread] [qasync._windows._IocpProactor/_windows.py:78]: Closing
2025-12-02 11:24:23,364 [INFO] [MainThread] [root/main.py:71]: Previous instance exited, continuing startup.
2025-12-02 11:24:23,465 [WARNING] [MainThread] [root/widget_builder.py:40]: No widget config could be found for widget 'glazewm_workspaces
2025-12-02 11:24:23,465 [WARNING] [MainThread] [root/widget_builder.py:40]: No widget config could be found for widget 'glazewm_tiling_direction
2025-12-02 11:24:24,021 [ERROR] [MainThread] [root/weather.py:60]: API key or location is missing. Please provide a valid API key and location.
2025-12-02 11:24:24,041 [INFO] [MainThread] [root/service.py:39]: AudioInputService starting...
2025-12-02 11:24:24,087 [INFO] [MainThread] [root/service.py:48]: AudioOutputService starting...
2025-12-02 11:24:24,798 [WARNING] [MainThread] [root/widget_builder.py:37]: Ignoring construction of invalid widget 'glazewm_workspaces'
2025-12-02 11:24:24,798 [WARNING] [MainThread] [root/widget_builder.py:37]: Ignoring construction of invalid widget 'glazewm_tiling_direction'
2025-12-02 11:24:24,816 [ERROR] [MainThread] [root/weather.py:60]: API key or location is missing. Please provide a valid API key and location.
2025-12-02 11:24:25,217 [WARNING] [MainThread] [root/widget_builder.py:37]: Ignoring construction of invalid widget 'glazewm_workspaces'
2025-12-02 11:24:25,217 [WARNING] [MainThread] [root/widget_builder.py:37]: Ignoring construction of invalid widget 'glazewm_tiling_direction'
2025-12-02 11:24:25,238 [ERROR] [MainThread] [root/weather.py:60]: API key or location is missing. Please provide a valid API key and location.
2025-12-02 11:24:25,820 [INFO] [MainThread] [root/bar_manager.py:85]: Starting SystemEventListener...
2025-12-02 11:24:25,821 [INFO] [MainThread] [root/bar_manager.py:85]: Starting WindowsNotificationEventListener...
2025-12-02 11:24:25,821 [ERROR] [MainThread] [root/widget_builder.py:86]: Failed to add undefined widget(s)  - The widget "glazewm_workspaces" is undefined.
 - The widget "glazewm_tiling_direction" is undefined.
2025-12-02 11:24:25,872 [INFO] [MainThread] [root/watcher.py:54]: Created file watcher for path C:\Users\Moises.Dominguez\.config\yasb
2025-12-02 11:24:26,100 [DEBUG] [MainThread] [qasync._windows._EventPoller/_windows.py:215]: Starting (proactor: <_IocpProactor overlapped#=0 result#=0>)...
2025-12-02 11:24:26,103 [DEBUG] [Dummy-5] [qasync._windows._EventWorker/_windows.py:195]: Thread started
2025-12-02 11:25:04,166 [INFO] [MainThread] [root/controller.py:15]: Reloading Application because of config change.
2025-12-02 11:25:04,268 [INFO] [MainThread] [cli_server/cli_server.py:112]: Log pipe server stopped
2025-12-02 11:25:04,268 [DEBUG] [MainThread] [cli_server/cli_server.py:206]: CLI server stopped
2025-12-02 11:25:04,277 [INFO] [MainThread] [root/bar_manager.py:76]: Successfully loaded updated config and re-initialised all bars.
2025-12-02 11:25:04,596 [INFO] [MainThread] [root/log.py:69]: YASB v1.8.5
2025-12-02 11:25:04,597 [INFO] [Thread-1 (_run_server)] [cli_server/cli_server.py:212]: CLI server started v1.1.4
2025-12-02 11:25:04,598 [INFO] [MainThread] [cli_server/cli_server.py:104]: Log pipe server started
2025-12-02 11:25:04,598 [INFO] [MainThread] [root/main.py:45]: Waiting for previous YASB instance to exit...
2025-12-02 11:25:05,606 [INFO] [MainThread] [root/bar_manager.py:92]: Stopping SystemEventListener...
2025-12-02 11:25:05,609 [INFO] [MainThread] [root/bar_manager.py:92]: Stopping WindowsNotificationEventListener...
2025-12-02 11:25:05,629 [DEBUG] [MainThread] [qasync._windows._EventPoller/_windows.py:220]: Stopping worker thread...
2025-12-02 11:25:05,639 [DEBUG] [Dummy-5] [qasync._windows._EventWorker/_windows.py:204]: Exiting thread
2025-12-02 11:25:05,652 [DEBUG] [MainThread] [qasync._windows._IocpProactor/_windows.py:78]: Closing
2025-12-02 11:25:05,852 [INFO] [MainThread] [root/main.py:71]: Previous instance exited, continuing startup.
2025-12-02 11:25:05,950 [WARNING] [MainThread] [root/widget_builder.py:40]: No widget config could be found for widget 'glazewm_tiling_direction
2025-12-02 11:25:05,951 [WARNING] [MainThread] [root/widget_builder.py:37]: Ignoring construction of invalid widget 'glazewm_tiling_direction'
2025-12-02 11:25:06,443 [ERROR] [MainThread] [root/weather.py:60]: API key or location is missing. Please provide a valid API key and location.
2025-12-02 11:25:06,463 [INFO] [MainThread] [root/service.py:39]: AudioInputService starting...
2025-12-02 11:25:06,510 [INFO] [MainThread] [root/service.py:48]: AudioOutputService starting...
2025-12-02 11:25:07,257 [WARNING] [MainThread] [root/widget_builder.py:37]: Ignoring construction of invalid widget 'glazewm_tiling_direction'
2025-12-02 11:25:07,257 [WARNING] [MainThread] [root/widget_builder.py:37]: Ignoring construction of invalid widget 'glazewm_tiling_direction'
2025-12-02 11:25:07,276 [ERROR] [MainThread] [root/weather.py:60]: API key or location is missing. Please provide a valid API key and location.
2025-12-02 11:25:07,671 [WARNING] [MainThread] [root/widget_builder.py:37]: Ignoring construction of invalid widget 'glazewm_tiling_direction'
2025-12-02 11:25:07,671 [WARNING] [MainThread] [root/widget_builder.py:37]: Ignoring construction of invalid widget 'glazewm_tiling_direction'
2025-12-02 11:25:07,693 [ERROR] [MainThread] [root/weather.py:60]: API key or location is missing. Please provide a valid API key and location.
2025-12-02 11:25:08,229 [INFO] [MainThread] [root/bar_manager.py:85]: Starting WindowsNotificationEventListener...
2025-12-02 11:25:08,230 [INFO] [MainThread] [root/bar_manager.py:85]: Starting SystemEventListener...
2025-12-02 11:25:08,230 [ERROR] [MainThread] [root/widget_builder.py:86]: Failed to add undefined widget(s)  - The widget "glazewm_tiling_direction" is undefined.
2025-12-02 11:25:08,290 [INFO] [MainThread] [root/watcher.py:54]: Created file watcher for path C:\Users\Moises.Dominguez\.config\yasb
2025-12-02 11:25:08,487 [DEBUG] [MainThread] [qasync._windows._EventPoller/_windows.py:215]: Starting (proactor: <_IocpProactor overlapped#=0 result#=0>)...
2025-12-02 11:25:08,490 [DEBUG] [Dummy-5] [qasync._windows._EventWorker/_windows.py:195]: Thread started
2025-12-02 11:25:23,907 [INFO] [MainThread] [root/controller.py:15]: Reloading Application because of config change.
2025-12-02 11:25:24,007 [INFO] [MainThread] [cli_server/cli_server.py:112]: Log pipe server stopped
2025-12-02 11:25:24,008 [DEBUG] [MainThread] [cli_server/cli_server.py:206]: CLI server stopped
2025-12-02 11:25:24,015 [INFO] [MainThread] [root/bar_manager.py:76]: Successfully loaded updated config and re-initialised all bars.
2025-12-02 11:25:24,347 [INFO] [MainThread] [root/log.py:69]: YASB v1.8.5
2025-12-02 11:25:24,347 [INFO] [Thread-1 (_run_server)] [cli_server/cli_server.py:212]: CLI server started v1.1.4
2025-12-02 11:25:24,348 [INFO] [MainThread] [cli_server/cli_server.py:104]: Log pipe server started
2025-12-02 11:25:24,348 [INFO] [MainThread] [root/main.py:45]: Waiting for previous YASB instance to exit...
2025-12-02 11:25:25,360 [INFO] [MainThread] [root/bar_manager.py:92]: Stopping WindowsNotificationEventListener...
2025-12-02 11:25:25,360 [INFO] [MainThread] [root/bar_manager.py:92]: Stopping SystemEventListener...
2025-12-02 11:25:25,383 [DEBUG] [MainThread] [qasync._windows._EventPoller/_windows.py:220]: Stopping worker thread...
2025-12-02 11:25:25,391 [DEBUG] [Dummy-5] [qasync._windows._EventWorker/_windows.py:204]: Exiting thread
2025-12-02 11:25:25,400 [DEBUG] [MainThread] [qasync._windows._IocpProactor/_windows.py:78]: Closing
2025-12-02 11:25:25,853 [INFO] [MainThread] [root/main.py:71]: Previous instance exited, continuing startup.
2025-12-02 11:25:25,941 [WARNING] [MainThread] [root/widget_builder.py:40]: No widget config could be found for widget 'glazewm_workspaces
2025-12-02 11:25:25,941 [WARNING] [MainThread] [root/widget_builder.py:40]: No widget config could be found for widget 'glazewm_tiling_direction
2025-12-02 11:25:26,502 [ERROR] [MainThread] [root/weather.py:60]: API key or location is missing. Please provide a valid API key and location.
2025-12-02 11:25:26,521 [INFO] [MainThread] [root/service.py:39]: AudioInputService starting...
2025-12-02 11:25:26,565 [INFO] [MainThread] [root/service.py:48]: AudioOutputService starting...
2025-12-02 11:25:27,196 [WARNING] [MainThread] [root/widget_builder.py:37]: Ignoring construction of invalid widget 'glazewm_workspaces'
2025-12-02 11:25:27,197 [WARNING] [MainThread] [root/widget_builder.py:37]: Ignoring construction of invalid widget 'glazewm_tiling_direction'
2025-12-02 11:25:27,212 [ERROR] [MainThread] [root/weather.py:60]: API key or location is missing. Please provide a valid API key and location.
2025-12-02 11:25:27,586 [WARNING] [MainThread] [root/widget_builder.py:37]: Ignoring construction of invalid widget 'glazewm_workspaces'
2025-12-02 11:25:27,586 [WARNING] [MainThread] [root/widget_builder.py:37]: Ignoring construction of invalid widget 'glazewm_tiling_direction'
2025-12-02 11:25:27,608 [ERROR] [MainThread] [root/weather.py:60]: API key or location is missing. Please provide a valid API key and location.
2025-12-02 11:25:28,128 [INFO] [MainThread] [root/bar_manager.py:85]: Starting WindowsNotificationEventListener...
2025-12-02 11:25:28,129 [INFO] [MainThread] [root/bar_manager.py:85]: Starting SystemEventListener...
2025-12-02 11:25:28,129 [ERROR] [MainThread] [root/widget_builder.py:86]: Failed to add undefined widget(s)  - The widget "glazewm_tiling_direction" is undefined.
 - The widget "glazewm_workspaces" is undefined.
2025-12-02 11:25:28,183 [INFO] [MainThread] [root/watcher.py:54]: Created file watcher for path C:\Users\Moises.Dominguez\.config\yasb
2025-12-02 11:25:28,381 [DEBUG] [MainThread] [qasync._windows._EventPoller/_windows.py:215]: Starting (proactor: <_IocpProactor overlapped#=0 result#=0>)...
2025-12-02 11:25:28,383 [DEBUG] [Dummy-5] [qasync._windows._EventWorker/_windows.py:195]: Thread started
2025-12-02 11:28:17,729 [INFO] [MainThread] [root/controller.py:15]: Reloading Application from tray...
2025-12-02 11:28:17,830 [INFO] [MainThread] [cli_server/cli_server.py:112]: Log pipe server stopped
2025-12-02 11:28:17,830 [DEBUG] [MainThread] [cli_server/cli_server.py:206]: CLI server stopped
2025-12-02 11:28:18,174 [INFO] [MainThread] [root/log.py:69]: YASB v1.8.5
2025-12-02 11:28:18,174 [INFO] [Thread-1 (_run_server)] [cli_server/cli_server.py:212]: CLI server started v1.1.4
2025-12-02 11:28:18,175 [INFO] [MainThread] [cli_server/cli_server.py:104]: Log pipe server started
2025-12-02 11:28:18,175 [INFO] [MainThread] [root/main.py:45]: Waiting for previous YASB instance to exit...
2025-12-02 11:28:18,753 [INFO] [MainThread] [root/bar_manager.py:92]: Stopping WindowsNotificationEventListener...
2025-12-02 11:28:18,753 [INFO] [MainThread] [root/bar_manager.py:92]: Stopping SystemEventListener...
2025-12-02 11:28:18,762 [DEBUG] [MainThread] [qasync._windows._EventPoller/_windows.py:220]: Stopping worker thread...
2025-12-02 11:28:18,771 [DEBUG] [Dummy-5] [qasync._windows._EventWorker/_windows.py:204]: Exiting thread
2025-12-02 11:28:18,781 [DEBUG] [MainThread] [qasync._windows._IocpProactor/_windows.py:78]: Closing
2025-12-02 11:28:18,927 [INFO] [MainThread] [root/main.py:71]: Previous instance exited, continuing startup.
2025-12-02 11:28:19,015 [WARNING] [MainThread] [root/widget_builder.py:40]: No widget config could be found for widget 'glazewm_workspaces
2025-12-02 11:28:19,015 [WARNING] [MainThread] [root/widget_builder.py:40]: No widget config could be found for widget 'glazewm_tiling_direction
2025-12-02 11:28:19,470 [ERROR] [MainThread] [root/weather.py:60]: API key or location is missing. Please provide a valid API key and location.
2025-12-02 11:28:19,490 [INFO] [MainThread] [root/service.py:39]: AudioInputService starting...
2025-12-02 11:28:19,536 [INFO] [MainThread] [root/service.py:48]: AudioOutputService starting...
2025-12-02 11:28:20,102 [WARNING] [MainThread] [root/widget_builder.py:37]: Ignoring construction of invalid widget 'glazewm_workspaces'
2025-12-02 11:28:20,103 [WARNING] [MainThread] [root/widget_builder.py:37]: Ignoring construction of invalid widget 'glazewm_tiling_direction'
2025-12-02 11:28:20,121 [ERROR] [MainThread] [root/weather.py:60]: API key or location is missing. Please provide a valid API key and location.
2025-12-02 11:28:20,425 [WARNING] [MainThread] [root/widget_builder.py:37]: Ignoring construction of invalid widget 'glazewm_workspaces'
2025-12-02 11:28:20,426 [WARNING] [MainThread] [root/widget_builder.py:37]: Ignoring construction of invalid widget 'glazewm_tiling_direction'
2025-12-02 11:28:20,447 [ERROR] [MainThread] [root/weather.py:60]: API key or location is missing. Please provide a valid API key and location.
2025-12-02 11:28:20,804 [INFO] [MainThread] [root/bar_manager.py:85]: Starting SystemEventListener...
2025-12-02 11:28:20,804 [INFO] [MainThread] [root/bar_manager.py:85]: Starting WindowsNotificationEventListener...
2025-12-02 11:28:20,805 [ERROR] [MainThread] [root/widget_builder.py:86]: Failed to add undefined widget(s)  - The widget "glazewm_tiling_direction" is undefined.
 - The widget "glazewm_workspaces" is undefined.
2025-12-02 11:28:20,849 [INFO] [MainThread] [root/watcher.py:54]: Created file watcher for path C:\Users\Moises.Dominguez\.config\yasb
2025-12-02 11:28:20,950 [DEBUG] [MainThread] [qasync._windows._EventPoller/_windows.py:215]: Starting (proactor: <_IocpProactor overlapped#=0 result#=0>)...
2025-12-02 11:28:20,951 [DEBUG] [Dummy-5] [qasync._windows._EventWorker/_windows.py:195]: Thread started
2025-12-02 11:29:58,595 [INFO] [MainThread] [root/controller.py:15]: Reloading Application because of config change.
2025-12-02 11:29:58,697 [INFO] [MainThread] [cli_server/cli_server.py:112]: Log pipe server stopped
2025-12-02 11:29:58,697 [DEBUG] [MainThread] [cli_server/cli_server.py:206]: CLI server stopped
2025-12-02 11:29:58,705 [INFO] [MainThread] [root/bar_manager.py:76]: Successfully loaded updated config and re-initialised all bars.
2025-12-02 11:29:59,116 [INFO] [MainThread] [root/log.py:69]: YASB v1.8.5
2025-12-02 11:29:59,117 [INFO] [Thread-1 (_run_server)] [cli_server/cli_server.py:212]: CLI server started v1.1.4
2025-12-02 11:29:59,117 [INFO] [MainThread] [cli_server/cli_server.py:104]: Log pipe server started
2025-12-02 11:29:59,117 [INFO] [MainThread] [root/main.py:45]: Waiting for previous YASB instance to exit...
2025-12-02 11:29:59,666 [INFO] [MainThread] [root/bar_manager.py:92]: Stopping SystemEventListener...
2025-12-02 11:29:59,667 [INFO] [MainThread] [root/bar_manager.py:92]: Stopping WindowsNotificationEventListener...
2025-12-02 11:29:59,679 [DEBUG] [MainThread] [qasync._windows._EventPoller/_windows.py:220]: Stopping worker thread...
2025-12-02 11:29:59,682 [DEBUG] [Dummy-5] [qasync._windows._EventWorker/_windows.py:204]: Exiting thread
2025-12-02 11:29:59,688 [DEBUG] [MainThread] [qasync._windows._IocpProactor/_windows.py:78]: Closing
2025-12-02 11:29:59,869 [INFO] [MainThread] [root/main.py:71]: Previous instance exited, continuing startup.
2025-12-02 11:29:59,939 [WARNING] [MainThread] [root/widget_builder.py:40]: No widget config could be found for widget 'glazewm_workspaces
2025-12-02 11:29:59,939 [WARNING] [MainThread] [root/widget_builder.py:40]: No widget config could be found for widget 'glazewm_tiling_direction
2025-12-02 11:30:00,418 [ERROR] [MainThread] [root/weather.py:60]: API key or location is missing. Please provide a valid API key and location.
2025-12-02 11:30:00,436 [INFO] [MainThread] [root/service.py:39]: AudioInputService starting...
2025-12-02 11:30:00,480 [INFO] [MainThread] [root/service.py:48]: AudioOutputService starting...
2025-12-02 11:30:00,972 [WARNING] [MainThread] [root/widget_builder.py:37]: Ignoring construction of invalid widget 'glazewm_workspaces'
2025-12-02 11:30:00,973 [WARNING] [MainThread] [root/widget_builder.py:37]: Ignoring construction of invalid widget 'glazewm_tiling_direction'
2025-12-02 11:30:00,989 [ERROR] [MainThread] [root/weather.py:60]: API key or location is missing. Please provide a valid API key and location.
2025-12-02 11:30:01,275 [WARNING] [MainThread] [root/widget_builder.py:37]: Ignoring construction of invalid widget 'glazewm_workspaces'
2025-12-02 11:30:01,275 [WARNING] [MainThread] [root/widget_builder.py:37]: Ignoring construction of invalid widget 'glazewm_tiling_direction'
2025-12-02 11:30:01,296 [ERROR] [MainThread] [root/weather.py:60]: API key or location is missing. Please provide a valid API key and location.
2025-12-02 11:30:01,604 [INFO] [MainThread] [root/bar_manager.py:85]: Starting SystemEventListener...
2025-12-02 11:30:01,605 [INFO] [MainThread] [root/bar_manager.py:85]: Starting WindowsNotificationEventListener...
2025-12-02 11:30:01,606 [ERROR] [MainThread] [root/widget_builder.py:86]: Failed to add undefined widget(s)  - The widget "glazewm_workspaces" is undefined.
 - The widget "glazewm_tiling_direction" is undefined.
2025-12-02 11:30:01,651 [INFO] [MainThread] [root/watcher.py:54]: Created file watcher for path C:\Users\Moises.Dominguez\.config\yasb
2025-12-02 11:30:01,743 [DEBUG] [MainThread] [qasync._windows._EventPoller/_windows.py:215]: Starting (proactor: <_IocpProactor overlapped#=0 result#=0>)...
2025-12-02 11:30:01,745 [DEBUG] [Dummy-5] [qasync._windows._EventWorker/_windows.py:195]: Thread started
2025-12-02 11:31:10,250 [INFO] [MainThread] [root/controller.py:15]: Reloading Application because of config change.
2025-12-02 11:31:10,352 [INFO] [MainThread] [cli_server/cli_server.py:112]: Log pipe server stopped
2025-12-02 11:31:10,352 [DEBUG] [MainThread] [cli_server/cli_server.py:206]: CLI server stopped
2025-12-02 11:31:10,360 [INFO] [MainThread] [root/bar_manager.py:76]: Successfully loaded updated config and re-initialised all bars.
2025-12-02 11:31:10,742 [INFO] [MainThread] [root/log.py:69]: YASB v1.8.5
2025-12-02 11:31:10,743 [INFO] [Thread-1 (_run_server)] [cli_server/cli_server.py:212]: CLI server started v1.1.4
2025-12-02 11:31:10,744 [INFO] [MainThread] [cli_server/cli_server.py:104]: Log pipe server started
2025-12-02 11:31:10,744 [INFO] [MainThread] [root/main.py:45]: Waiting for previous YASB instance to exit...
2025-12-02 11:31:11,186 [INFO] [MainThread] [root/bar_manager.py:92]: Stopping SystemEventListener...
2025-12-02 11:31:11,187 [INFO] [MainThread] [root/bar_manager.py:92]: Stopping WindowsNotificationEventListener...
2025-12-02 11:31:11,194 [DEBUG] [MainThread] [qasync._windows._EventPoller/_windows.py:220]: Stopping worker thread...
2025-12-02 11:31:11,197 [DEBUG] [Dummy-5] [qasync._windows._EventWorker/_windows.py:204]: Exiting thread
2025-12-02 11:31:11,206 [DEBUG] [MainThread] [qasync._windows._IocpProactor/_windows.py:78]: Closing
2025-12-02 11:31:11,497 [INFO] [MainThread] [root/main.py:71]: Previous instance exited, continuing startup.
2025-12-02 11:31:12,060 [ERROR] [MainThread] [root/weather.py:60]: API key or location is missing. Please provide a valid API key and location.
2025-12-02 11:31:12,078 [INFO] [MainThread] [root/service.py:39]: AudioInputService starting...
2025-12-02 11:31:12,119 [INFO] [MainThread] [root/service.py:48]: AudioOutputService starting...
2025-12-02 11:31:12,586 [ERROR] [MainThread] [root/weather.py:60]: API key or location is missing. Please provide a valid API key and location.
2025-12-02 11:31:12,890 [ERROR] [MainThread] [root/weather.py:60]: API key or location is missing. Please provide a valid API key and location.
2025-12-02 11:31:13,176 [INFO] [MainThread] [root/bar_manager.py:85]: Starting SystemEventListener...
2025-12-02 11:31:13,176 [INFO] [MainThread] [root/bar_manager.py:85]: Starting WindowsNotificationEventListener...
2025-12-02 11:31:13,177 [INFO] [MainThread] [root/watcher.py:54]: Created file watcher for path C:\Users\Moises.Dominguez\.config\yasb
2025-12-02 11:31:13,316 [DEBUG] [MainThread] [qasync._windows._EventPoller/_windows.py:215]: Starting (proactor: <_IocpProactor overlapped#=0 result#=0>)...
2025-12-02 11:31:13,317 [DEBUG] [Dummy-5] [qasync._windows._EventWorker/_windows.py:195]: Thread started
2025-12-02 11:37:27,878 [INFO] [MainThread] [root/controller.py:15]: Reloading Application because of config change.
2025-12-02 11:37:27,982 [INFO] [MainThread] [cli_server/cli_server.py:112]: Log pipe server stopped
2025-12-02 11:37:27,982 [DEBUG] [MainThread] [cli_server/cli_server.py:206]: CLI server stopped
2025-12-02 11:37:27,993 [INFO] [MainThread] [root/bar_manager.py:76]: Successfully loaded updated config and re-initialised all bars.
2025-12-02 11:37:28,340 [INFO] [MainThread] [root/log.py:69]: YASB v1.8.5
2025-12-02 11:37:28,341 [INFO] [Thread-1 (_run_server)] [cli_server/cli_server.py:212]: CLI server started v1.1.4
2025-12-02 11:37:28,341 [INFO] [MainThread] [cli_server/cli_server.py:104]: Log pipe server started
2025-12-02 11:37:28,341 [INFO] [MainThread] [root/main.py:45]: Waiting for previous YASB instance to exit...
2025-12-02 11:37:28,845 [INFO] [MainThread] [root/bar_manager.py:92]: Stopping SystemEventListener...
2025-12-02 11:37:28,846 [INFO] [MainThread] [root/bar_manager.py:92]: Stopping WindowsNotificationEventListener...
2025-12-02 11:37:28,861 [DEBUG] [MainThread] [qasync._windows._EventPoller/_windows.py:220]: Stopping worker thread...
2025-12-02 11:37:28,862 [DEBUG] [Dummy-5] [qasync._windows._EventWorker/_windows.py:204]: Exiting thread
2025-12-02 11:37:28,877 [DEBUG] [MainThread] [qasync._windows._IocpProactor/_windows.py:78]: Closing
2025-12-02 11:37:29,094 [INFO] [MainThread] [root/main.py:71]: Previous instance exited, continuing startup.
2025-12-02 11:37:29,937 [ERROR] [MainThread] [root/weather.py:60]: API key or location is missing. Please provide a valid API key and location.
2025-12-02 11:37:29,954 [INFO] [MainThread] [root/service.py:39]: AudioInputService starting...
2025-12-02 11:37:29,996 [INFO] [MainThread] [root/service.py:48]: AudioOutputService starting...
2025-12-02 11:37:30,484 [ERROR] [MainThread] [root/weather.py:60]: API key or location is missing. Please provide a valid API key and location.
2025-12-02 11:37:30,779 [ERROR] [MainThread] [root/weather.py:60]: API key or location is missing. Please provide a valid API key and location.
2025-12-02 11:37:31,053 [INFO] [MainThread] [root/bar_manager.py:85]: Starting WindowsNotificationEventListener...
2025-12-02 11:37:31,054 [INFO] [MainThread] [root/bar_manager.py:85]: Starting SystemEventListener...
2025-12-02 11:37:31,054 [INFO] [MainThread] [root/watcher.py:54]: Created file watcher for path C:\Users\Moises.Dominguez\.config\yasb
2025-12-02 11:37:31,166 [DEBUG] [MainThread] [qasync._windows._EventPoller/_windows.py:215]: Starting (proactor: <_IocpProactor overlapped#=0 result#=0>)...
2025-12-02 11:37:31,167 [DEBUG] [Dummy-5] [qasync._windows._EventWorker/_windows.py:195]: Thread started
2025-12-02 11:38:13,621 [INFO] [MainThread] [root/controller.py:15]: Reloading Application because of config change.
2025-12-02 11:38:13,722 [INFO] [MainThread] [cli_server/cli_server.py:112]: Log pipe server stopped
2025-12-02 11:38:13,722 [DEBUG] [MainThread] [cli_server/cli_server.py:206]: CLI server stopped
2025-12-02 11:38:13,729 [INFO] [MainThread] [root/bar_manager.py:76]: Successfully loaded updated config and re-initialised all bars.
2025-12-02 11:38:14,068 [INFO] [MainThread] [root/log.py:69]: YASB v1.8.5
2025-12-02 11:38:14,069 [INFO] [Thread-1 (_run_server)] [cli_server/cli_server.py:212]: CLI server started v1.1.4
2025-12-02 11:38:14,069 [INFO] [MainThread] [cli_server/cli_server.py:104]: Log pipe server started
2025-12-02 11:38:14,069 [INFO] [MainThread] [root/main.py:45]: Waiting for previous YASB instance to exit...
2025-12-02 11:38:14,576 [INFO] [MainThread] [root/bar_manager.py:92]: Stopping WindowsNotificationEventListener...
2025-12-02 11:38:14,576 [INFO] [MainThread] [root/bar_manager.py:92]: Stopping SystemEventListener...
2025-12-02 11:38:14,584 [DEBUG] [MainThread] [qasync._windows._EventPoller/_windows.py:220]: Stopping worker thread...
2025-12-02 11:38:14,593 [DEBUG] [Dummy-5] [qasync._windows._EventWorker/_windows.py:204]: Exiting thread
2025-12-02 11:38:14,603 [DEBUG] [MainThread] [qasync._windows._IocpProactor/_windows.py:78]: Closing
2025-12-02 11:38:14,822 [INFO] [MainThread] [root/main.py:71]: Previous instance exited, continuing startup.
2025-12-02 11:38:15,516 [ERROR] [MainThread] [root/weather.py:60]: API key or location is missing. Please provide a valid API key and location.
2025-12-02 11:38:15,534 [INFO] [MainThread] [root/service.py:39]: AudioInputService starting...
2025-12-02 11:38:15,576 [INFO] [MainThread] [root/service.py:48]: AudioOutputService starting...
2025-12-02 11:38:16,029 [WARNING] [MainThread] [root/widget_builder.py:37]: Ignoring construction of invalid widget 'glazewm_workspaces'
2025-12-02 11:38:16,065 [ERROR] [MainThread] [root/weather.py:60]: API key or location is missing. Please provide a valid API key and location.
2025-12-02 11:38:16,342 [WARNING] [MainThread] [root/widget_builder.py:37]: Ignoring construction of invalid widget 'glazewm_workspaces'
2025-12-02 11:38:16,375 [ERROR] [MainThread] [root/weather.py:60]: API key or location is missing. Please provide a valid API key and location.
2025-12-02 11:38:16,667 [INFO] [MainThread] [root/bar_manager.py:85]: Starting WindowsNotificationEventListener...
2025-12-02 11:38:16,669 [INFO] [MainThread] [root/bar_manager.py:85]: Starting SystemEventListener...
2025-12-02 11:38:16,669 [ERROR] [MainThread] [root/widget_builder.py:100]: Failed to validate widget(s) due to invalid options  - glazewm_workspaces
      enabled_active:
      - unknown field
      enabled_populated:
      - unknown field
      hide_duplicates:
      - unknown field
      hide_floating:
      - unknown field
      hide_label:
      - unknown field
      max_icons:
      - unknown field
      size:
      - unknown field
      
2025-12-02 11:38:16,716 [INFO] [MainThread] [root/watcher.py:54]: Created file watcher for path C:\Users\Moises.Dominguez\.config\yasb
2025-12-02 11:38:16,780 [DEBUG] [MainThread] [qasync._windows._EventPoller/_windows.py:215]: Starting (proactor: <_IocpProactor overlapped#=0 result#=0>)...
2025-12-02 11:38:16,782 [DEBUG] [Dummy-5] [qasync._windows._EventWorker/_windows.py:195]: Thread started
2025-12-02 11:40:02,848 [INFO] [MainThread] [root/controller.py:15]: Reloading Application because of config change.
2025-12-02 11:40:02,950 [INFO] [MainThread] [cli_server/cli_server.py:112]: Log pipe server stopped
2025-12-02 11:40:02,951 [DEBUG] [MainThread] [cli_server/cli_server.py:206]: CLI server stopped
2025-12-02 11:40:02,959 [INFO] [MainThread] [root/bar_manager.py:76]: Successfully loaded updated config and re-initialised all bars.
2025-12-02 11:40:03,289 [INFO] [MainThread] [root/log.py:69]: YASB v1.8.5
2025-12-02 11:40:03,290 [INFO] [Thread-1 (_run_server)] [cli_server/cli_server.py:212]: CLI server started v1.1.4
2025-12-02 11:40:03,290 [INFO] [MainThread] [cli_server/cli_server.py:104]: Log pipe server started
2025-12-02 11:40:03,291 [INFO] [MainThread] [root/main.py:45]: Waiting for previous YASB instance to exit...
2025-12-02 11:40:03,799 [INFO] [MainThread] [root/bar_manager.py:92]: Stopping WindowsNotificationEventListener...
2025-12-02 11:40:03,800 [INFO] [MainThread] [root/bar_manager.py:92]: Stopping SystemEventListener...
2025-12-02 11:40:03,810 [DEBUG] [MainThread] [qasync._windows._EventPoller/_windows.py:220]: Stopping worker thread...
2025-12-02 11:40:03,817 [DEBUG] [Dummy-5] [qasync._windows._EventWorker/_windows.py:204]: Exiting thread
2025-12-02 11:40:03,827 [DEBUG] [MainThread] [qasync._windows._IocpProactor/_windows.py:78]: Closing
2025-12-02 11:40:04,043 [INFO] [MainThread] [root/main.py:71]: Previous instance exited, continuing startup.
2025-12-02 11:40:04,646 [ERROR] [MainThread] [root/weather.py:60]: API key or location is missing. Please provide a valid API key and location.
2025-12-02 11:40:04,665 [INFO] [MainThread] [root/service.py:39]: AudioInputService starting...
2025-12-02 11:40:04,707 [INFO] [MainThread] [root/service.py:48]: AudioOutputService starting...
2025-12-02 11:40:05,218 [ERROR] [MainThread] [root/weather.py:60]: API key or location is missing. Please provide a valid API key and location.
2025-12-02 11:40:05,596 [ERROR] [MainThread] [root/weather.py:60]: API key or location is missing. Please provide a valid API key and location.
2025-12-02 11:40:06,026 [INFO] [MainThread] [root/bar_manager.py:85]: Starting SystemEventListener...
2025-12-02 11:40:06,027 [INFO] [MainThread] [root/bar_manager.py:85]: Starting WindowsNotificationEventListener...
2025-12-02 11:40:06,028 [INFO] [MainThread] [root/watcher.py:54]: Created file watcher for path C:\Users\Moises.Dominguez\.config\yasb
2025-12-02 11:40:06,117 [DEBUG] [MainThread] [qasync._windows._EventPoller/_windows.py:215]: Starting (proactor: <_IocpProactor overlapped#=0 result#=0>)...
2025-12-02 11:40:06,120 [DEBUG] [Dummy-5] [qasync._windows._EventWorker/_windows.py:195]: Thread started
2025-12-02 11:44:08,830 [INFO] [MainThread] [root/controller.py:15]: Reloading Application from tray...
2025-12-02 11:44:08,930 [INFO] [MainThread] [cli_server/cli_server.py:112]: Log pipe server stopped
2025-12-02 11:44:08,931 [DEBUG] [MainThread] [cli_server/cli_server.py:206]: CLI server stopped
2025-12-02 11:44:09,265 [INFO] [MainThread] [root/log.py:69]: YASB v1.8.5
2025-12-02 11:44:09,266 [INFO] [Thread-1 (_run_server)] [cli_server/cli_server.py:212]: CLI server started v1.1.4
2025-12-02 11:44:09,267 [INFO] [MainThread] [cli_server/cli_server.py:104]: Log pipe server started
2025-12-02 11:44:09,267 [INFO] [MainThread] [root/main.py:45]: Waiting for previous YASB instance to exit...
2025-12-02 11:44:09,863 [INFO] [MainThread] [root/bar_manager.py:92]: Stopping SystemEventListener...
2025-12-02 11:44:09,863 [INFO] [MainThread] [root/bar_manager.py:92]: Stopping WindowsNotificationEventListener...
2025-12-02 11:44:09,868 [DEBUG] [MainThread] [qasync._windows._EventPoller/_windows.py:220]: Stopping worker thread...
2025-12-02 11:44:09,872 [DEBUG] [Dummy-5] [qasync._windows._EventWorker/_windows.py:204]: Exiting thread
2025-12-02 11:44:09,873 [DEBUG] [MainThread] [qasync._windows._IocpProactor/_windows.py:78]: Closing
2025-12-02 11:44:10,019 [INFO] [MainThread] [root/main.py:71]: Previous instance exited, continuing startup.
2025-12-02 11:44:10,658 [ERROR] [MainThread] [root/weather.py:60]: API key or location is missing. Please provide a valid API key and location.
2025-12-02 11:44:10,677 [INFO] [MainThread] [root/service.py:39]: AudioInputService starting...
2025-12-02 11:44:10,721 [INFO] [MainThread] [root/service.py:48]: AudioOutputService starting...
2025-12-02 11:44:11,262 [ERROR] [MainThread] [root/weather.py:60]: API key or location is missing. Please provide a valid API key and location.
2025-12-02 11:44:11,632 [ERROR] [MainThread] [root/weather.py:60]: API key or location is missing. Please provide a valid API key and location.
2025-12-02 11:44:11,985 [INFO] [MainThread] [root/bar_manager.py:85]: Starting SystemEventListener...
2025-12-02 11:44:11,985 [INFO] [MainThread] [root/bar_manager.py:85]: Starting WindowsNotificationEventListener...
2025-12-02 11:44:11,986 [INFO] [MainThread] [root/watcher.py:54]: Created file watcher for path C:\Users\Moises.Dominguez\.config\yasb
2025-12-02 11:44:12,058 [DEBUG] [MainThread] [qasync._windows._EventPoller/_windows.py:215]: Starting (proactor: <_IocpProactor overlapped#=0 result#=0>)...
2025-12-02 11:44:12,059 [DEBUG] [Dummy-5] [qasync._windows._EventWorker/_windows.py:195]: Thread started
2025-12-02 11:46:12,226 [INFO] [MainThread] [root/controller.py:15]: Reloading Application because of config change.
2025-12-02 11:46:12,327 [INFO] [MainThread] [cli_server/cli_server.py:112]: Log pipe server stopped
2025-12-02 11:46:12,327 [DEBUG] [MainThread] [cli_server/cli_server.py:206]: CLI server stopped
2025-12-02 11:46:12,334 [INFO] [MainThread] [root/bar_manager.py:76]: Successfully loaded updated config and re-initialised all bars.
2025-12-02 11:46:12,661 [INFO] [MainThread] [root/log.py:69]: YASB v1.8.5
2025-12-02 11:46:12,661 [INFO] [Thread-1 (_run_server)] [cli_server/cli_server.py:212]: CLI server started v1.1.4
2025-12-02 11:46:12,662 [INFO] [MainThread] [cli_server/cli_server.py:104]: Log pipe server started
2025-12-02 11:46:12,662 [INFO] [MainThread] [root/main.py:45]: Waiting for previous YASB instance to exit...
2025-12-02 11:46:13,235 [INFO] [MainThread] [root/bar_manager.py:92]: Stopping SystemEventListener...
2025-12-02 11:46:13,235 [INFO] [MainThread] [root/bar_manager.py:92]: Stopping WindowsNotificationEventListener...
2025-12-02 11:46:13,240 [DEBUG] [MainThread] [qasync._windows._EventPoller/_windows.py:220]: Stopping worker thread...
2025-12-02 11:46:13,247 [DEBUG] [Dummy-5] [qasync._windows._EventWorker/_windows.py:204]: Exiting thread
2025-12-02 11:46:13,248 [DEBUG] [MainThread] [qasync._windows._IocpProactor/_windows.py:78]: Closing
2025-12-02 11:46:13,414 [INFO] [MainThread] [root/main.py:71]: Previous instance exited, continuing startup.
2025-12-02 11:46:14,009 [ERROR] [MainThread] [root/weather.py:60]: API key or location is missing. Please provide a valid API key and location.
2025-12-02 11:46:14,030 [INFO] [MainThread] [root/service.py:39]: AudioInputService starting...
2025-12-02 11:46:14,071 [INFO] [MainThread] [root/service.py:48]: AudioOutputService starting...
2025-12-02 11:46:14,423 [DEBUG] [MainThread] [root/win32_accent.py:123]: Failed to apply settings: [WinError 0] The operation completed successfully.
2025-12-02 11:46:14,620 [INFO] [MainThread] [root/bar_manager.py:85]: Starting SystemEventListener...
2025-12-02 11:46:14,620 [INFO] [MainThread] [root/bar_manager.py:85]: Starting WindowsNotificationEventListener...
2025-12-02 11:46:14,621 [INFO] [MainThread] [root/watcher.py:54]: Created file watcher for path C:\Users\Moises.Dominguez\.config\yasb
2025-12-02 11:46:14,681 [DEBUG] [MainThread] [qasync._windows._EventPoller/_windows.py:215]: Starting (proactor: <_IocpProactor overlapped#=0 result#=0>)...
2025-12-02 11:46:14,682 [DEBUG] [Dummy-5] [qasync._windows._EventWorker/_windows.py:195]: Thread started
2025-12-02 11:47:38,531 [INFO] [MainThread] [root/controller.py:15]: Reloading Application from tray...
2025-12-02 11:47:38,632 [INFO] [MainThread] [cli_server/cli_server.py:112]: Log pipe server stopped
2025-12-02 11:47:38,632 [DEBUG] [MainThread] [cli_server/cli_server.py:206]: CLI server stopped
2025-12-02 11:47:38,932 [INFO] [MainThread] [root/bar_manager.py:92]: Stopping SystemEventListener...
2025-12-02 11:47:38,932 [INFO] [MainThread] [root/bar_manager.py:92]: Stopping WindowsNotificationEventListener...
2025-12-02 11:47:38,935 [DEBUG] [MainThread] [qasync._windows._EventPoller/_windows.py:220]: Stopping worker thread...
2025-12-02 11:47:38,942 [DEBUG] [Dummy-5] [qasync._windows._EventWorker/_windows.py:204]: Exiting thread
2025-12-02 11:47:38,944 [DEBUG] [MainThread] [qasync._windows._IocpProactor/_windows.py:78]: Closing
2025-12-02 11:47:38,974 [INFO] [MainThread] [root/log.py:69]: YASB v1.8.5
2025-12-02 11:47:38,975 [INFO] [Thread-1 (_run_server)] [cli_server/cli_server.py:212]: CLI server started v1.1.4
2025-12-02 11:47:38,976 [INFO] [MainThread] [cli_server/cli_server.py:104]: Log pipe server started
2025-12-02 11:47:38,976 [INFO] [MainThread] [root/main.py:45]: Waiting for previous YASB instance to exit...
2025-12-02 11:47:39,227 [INFO] [MainThread] [root/main.py:71]: Previous instance exited, continuing startup.
2025-12-02 11:47:39,833 [ERROR] [MainThread] [root/weather.py:60]: API key or location is missing. Please provide a valid API key and location.
2025-12-02 11:47:39,851 [INFO] [MainThread] [root/service.py:39]: AudioInputService starting...
2025-12-02 11:47:39,893 [INFO] [MainThread] [root/service.py:48]: AudioOutputService starting...
2025-12-02 11:47:40,238 [DEBUG] [MainThread] [root/win32_accent.py:123]: Failed to apply settings: [WinError 0] The operation completed successfully.
2025-12-02 11:47:40,431 [INFO] [MainThread] [root/bar_manager.py:85]: Starting SystemEventListener...
2025-12-02 11:47:40,431 [INFO] [MainThread] [root/bar_manager.py:85]: Starting WindowsNotificationEventListener...
2025-12-02 11:47:40,432 [INFO] [MainThread] [root/watcher.py:54]: Created file watcher for path C:\Users\Moises.Dominguez\.config\yasb
2025-12-02 11:47:40,501 [DEBUG] [MainThread] [qasync._windows._EventPoller/_windows.py:215]: Starting (proactor: <_IocpProactor overlapped#=0 result#=0>)...
2025-12-02 11:47:40,502 [DEBUG] [Dummy-5] [qasync._windows._EventWorker/_windows.py:195]: Thread started
2025-12-02 11:48:13,917 [INFO] [MainThread] [root/controller.py:15]: Reloading Application because of config change.
2025-12-02 11:48:14,017 [INFO] [MainThread] [cli_server/cli_server.py:112]: Log pipe server stopped
2025-12-02 11:48:14,018 [DEBUG] [MainThread] [cli_server/cli_server.py:206]: CLI server stopped
2025-12-02 11:48:14,027 [INFO] [MainThread] [root/bar_manager.py:76]: Successfully loaded updated config and re-initialised all bars.
2025-12-02 11:48:14,339 [INFO] [MainThread] [root/bar_manager.py:92]: Stopping SystemEventListener...
2025-12-02 11:48:14,340 [INFO] [MainThread] [root/bar_manager.py:92]: Stopping WindowsNotificationEventListener...
2025-12-02 11:48:14,342 [DEBUG] [MainThread] [qasync._windows._EventPoller/_windows.py:220]: Stopping worker thread...
2025-12-02 11:48:14,348 [DEBUG] [Dummy-5] [qasync._windows._EventWorker/_windows.py:204]: Exiting thread
2025-12-02 11:48:14,350 [DEBUG] [MainThread] [qasync._windows._IocpProactor/_windows.py:78]: Closing
2025-12-02 11:48:14,365 [INFO] [MainThread] [root/log.py:69]: YASB v1.8.5
2025-12-02 11:48:14,366 [INFO] [Thread-1 (_run_server)] [cli_server/cli_server.py:212]: CLI server started v1.1.4
2025-12-02 11:48:14,366 [INFO] [MainThread] [cli_server/cli_server.py:104]: Log pipe server started
2025-12-02 11:48:14,367 [INFO] [MainThread] [root/main.py:45]: Waiting for previous YASB instance to exit...
2025-12-02 11:48:14,618 [INFO] [MainThread] [root/main.py:71]: Previous instance exited, continuing startup.
2025-12-02 11:48:15,197 [ERROR] [MainThread] [root/weather.py:60]: API key or location is missing. Please provide a valid API key and location.
2025-12-02 11:48:15,215 [INFO] [MainThread] [root/service.py:39]: AudioInputService starting...
2025-12-02 11:48:15,258 [INFO] [MainThread] [root/service.py:48]: AudioOutputService starting...
2025-12-02 11:48:15,723 [ERROR] [MainThread] [root/weather.py:60]: API key or location is missing. Please provide a valid API key and location.
2025-12-02 11:48:16,119 [ERROR] [MainThread] [root/weather.py:60]: API key or location is missing. Please provide a valid API key and location.
2025-12-02 11:48:16,467 [INFO] [MainThread] [root/bar_manager.py:85]: Starting WindowsNotificationEventListener...
2025-12-02 11:48:16,468 [INFO] [MainThread] [root/bar_manager.py:85]: Starting SystemEventListener...
2025-12-02 11:48:16,469 [INFO] [MainThread] [root/watcher.py:54]: Created file watcher for path C:\Users\Moises.Dominguez\.config\yasb
2025-12-02 11:48:16,549 [DEBUG] [MainThread] [qasync._windows._EventPoller/_windows.py:215]: Starting (proactor: <_IocpProactor overlapped#=0 result#=0>)...
2025-12-02 11:48:16,550 [DEBUG] [Dummy-5] [qasync._windows._EventWorker/_windows.py:195]: Thread started
2025-12-02 11:51:58,448 [INFO] [MainThread] [root/controller.py:15]: Reloading Application because of config change.
2025-12-02 11:51:58,548 [INFO] [MainThread] [cli_server/cli_server.py:112]: Log pipe server stopped
2025-12-02 11:51:58,548 [DEBUG] [MainThread] [cli_server/cli_server.py:206]: CLI server stopped
2025-12-02 11:51:58,556 [INFO] [MainThread] [root/bar_manager.py:76]: Successfully loaded updated config and re-initialised all bars.
2025-12-02 11:51:58,890 [INFO] [MainThread] [root/log.py:69]: YASB v1.8.5
2025-12-02 11:51:58,890 [INFO] [Thread-1 (_run_server)] [cli_server/cli_server.py:212]: CLI server started v1.1.4
2025-12-02 11:51:58,891 [INFO] [MainThread] [cli_server/cli_server.py:104]: Log pipe server started
2025-12-02 11:51:58,891 [INFO] [MainThread] [root/main.py:45]: Waiting for previous YASB instance to exit...
2025-12-02 11:51:59,486 [INFO] [MainThread] [root/bar_manager.py:92]: Stopping WindowsNotificationEventListener...
2025-12-02 11:51:59,487 [INFO] [MainThread] [root/bar_manager.py:92]: Stopping SystemEventListener...
2025-12-02 11:51:59,491 [DEBUG] [MainThread] [qasync._windows._EventPoller/_windows.py:220]: Stopping worker thread...
2025-12-02 11:51:59,501 [DEBUG] [Dummy-5] [qasync._windows._EventWorker/_windows.py:204]: Exiting thread
2025-12-02 11:51:59,503 [DEBUG] [MainThread] [qasync._windows._IocpProactor/_windows.py:78]: Closing
2025-12-02 11:51:59,643 [INFO] [MainThread] [root/main.py:71]: Previous instance exited, continuing startup.
2025-12-02 11:52:00,222 [ERROR] [MainThread] [root/weather.py:60]: API key or location is missing. Please provide a valid API key and location.
2025-12-02 11:52:00,240 [INFO] [MainThread] [root/service.py:39]: AudioInputService starting...
2025-12-02 11:52:00,284 [INFO] [MainThread] [root/service.py:48]: AudioOutputService starting...
2025-12-02 11:52:00,819 [ERROR] [MainThread] [root/weather.py:60]: API key or location is missing. Please provide a valid API key and location.
2025-12-02 11:52:01,171 [ERROR] [MainThread] [root/weather.py:60]: API key or location is missing. Please provide a valid API key and location.
2025-12-02 11:52:01,513 [INFO] [MainThread] [root/bar_manager.py:85]: Starting SystemEventListener...
2025-12-02 11:52:01,513 [INFO] [MainThread] [root/bar_manager.py:85]: Starting WindowsNotificationEventListener...
2025-12-02 11:52:01,514 [INFO] [MainThread] [root/watcher.py:54]: Created file watcher for path C:\Users\Moises.Dominguez\.config\yasb
2025-12-02 11:52:01,576 [DEBUG] [MainThread] [qasync._windows._EventPoller/_windows.py:215]: Starting (proactor: <_IocpProactor overlapped#=0 result#=0>)...
2025-12-02 11:52:01,579 [DEBUG] [Dummy-5] [qasync._windows._EventWorker/_windows.py:195]: Thread started
2025-12-02 11:52:44,196 [INFO] [MainThread] [root/controller.py:15]: Reloading Application because of config change.
2025-12-02 11:52:44,298 [INFO] [MainThread] [cli_server/cli_server.py:112]: Log pipe server stopped
2025-12-02 11:52:44,299 [DEBUG] [MainThread] [cli_server/cli_server.py:206]: CLI server stopped
2025-12-02 11:52:44,306 [INFO] [MainThread] [root/bar_manager.py:76]: Successfully loaded updated config and re-initialised all bars.
2025-12-02 11:52:44,625 [INFO] [MainThread] [root/log.py:69]: YASB v1.8.5
2025-12-02 11:52:44,626 [INFO] [Thread-1 (_run_server)] [cli_server/cli_server.py:212]: CLI server started v1.1.4
2025-12-02 11:52:44,626 [INFO] [MainThread] [cli_server/cli_server.py:104]: Log pipe server started
2025-12-02 11:52:44,626 [INFO] [MainThread] [root/main.py:45]: Waiting for previous YASB instance to exit...
2025-12-02 11:52:45,252 [INFO] [MainThread] [root/bar_manager.py:92]: Stopping SystemEventListener...
2025-12-02 11:52:45,252 [INFO] [MainThread] [root/bar_manager.py:92]: Stopping WindowsNotificationEventListener...
2025-12-02 11:52:45,256 [DEBUG] [MainThread] [qasync._windows._EventPoller/_windows.py:220]: Stopping worker thread...
2025-12-02 11:52:45,260 [DEBUG] [Dummy-5] [qasync._windows._EventWorker/_windows.py:204]: Exiting thread
2025-12-02 11:52:45,262 [DEBUG] [MainThread] [qasync._windows._IocpProactor/_windows.py:78]: Closing
2025-12-02 11:52:45,380 [INFO] [MainThread] [root/main.py:71]: Previous instance exited, continuing startup.
2025-12-02 11:52:45,937 [ERROR] [MainThread] [root/weather.py:60]: API key or location is missing. Please provide a valid API key and location.
2025-12-02 11:52:45,956 [INFO] [MainThread] [root/service.py:39]: AudioInputService starting...
2025-12-02 11:52:46,004 [INFO] [MainThread] [root/service.py:48]: AudioOutputService starting...
2025-12-02 11:52:46,560 [ERROR] [MainThread] [root/weather.py:60]: API key or location is missing. Please provide a valid API key and location.
2025-12-02 11:52:46,913 [ERROR] [MainThread] [root/weather.py:60]: API key or location is missing. Please provide a valid API key and location.
2025-12-02 11:52:47,265 [INFO] [MainThread] [root/bar_manager.py:85]: Starting SystemEventListener...
2025-12-02 11:52:47,265 [INFO] [MainThread] [root/bar_manager.py:85]: Starting WindowsNotificationEventListener...
2025-12-02 11:52:47,266 [INFO] [MainThread] [root/watcher.py:54]: Created file watcher for path C:\Users\Moises.Dominguez\.config\yasb
2025-12-02 11:52:47,329 [DEBUG] [MainThread] [qasync._windows._EventPoller/_windows.py:215]: Starting (proactor: <_IocpProactor overlapped#=0 result#=0>)...
2025-12-02 11:52:47,330 [DEBUG] [Dummy-5] [qasync._windows._EventWorker/_windows.py:195]: Thread started
2025-12-02 11:53:14,110 [INFO] [MainThread] [root/controller.py:15]: Reloading Application because of config change.
2025-12-02 11:53:14,210 [INFO] [MainThread] [cli_server/cli_server.py:112]: Log pipe server stopped
2025-12-02 11:53:14,210 [DEBUG] [MainThread] [cli_server/cli_server.py:206]: CLI server stopped
2025-12-02 11:53:14,218 [INFO] [MainThread] [root/bar_manager.py:76]: Successfully loaded updated config and re-initialised all bars.
2025-12-02 11:53:14,544 [INFO] [MainThread] [root/log.py:69]: YASB v1.8.5
2025-12-02 11:53:14,544 [INFO] [Thread-1 (_run_server)] [cli_server/cli_server.py:212]: CLI server started v1.1.4
2025-12-02 11:53:14,545 [INFO] [MainThread] [cli_server/cli_server.py:104]: Log pipe server started
2025-12-02 11:53:14,545 [INFO] [MainThread] [root/main.py:45]: Waiting for previous YASB instance to exit...
2025-12-02 11:53:15,093 [INFO] [MainThread] [root/bar_manager.py:92]: Stopping SystemEventListener...
2025-12-02 11:53:15,093 [INFO] [MainThread] [root/bar_manager.py:92]: Stopping WindowsNotificationEventListener...
2025-12-02 11:53:15,097 [DEBUG] [MainThread] [qasync._windows._EventPoller/_windows.py:220]: Stopping worker thread...
2025-12-02 11:53:15,103 [DEBUG] [Dummy-5] [qasync._windows._EventWorker/_windows.py:204]: Exiting thread
2025-12-02 11:53:15,105 [DEBUG] [MainThread] [qasync._windows._IocpProactor/_windows.py:78]: Closing
2025-12-02 11:53:15,298 [INFO] [MainThread] [root/main.py:71]: Previous instance exited, continuing startup.
2025-12-02 11:53:15,874 [ERROR] [MainThread] [root/weather.py:60]: API key or location is missing. Please provide a valid API key and location.
2025-12-02 11:53:15,892 [INFO] [MainThread] [root/service.py:39]: AudioInputService starting...
2025-12-02 11:53:15,936 [INFO] [MainThread] [root/service.py:48]: AudioOutputService starting...
2025-12-02 11:53:16,472 [ERROR] [MainThread] [root/weather.py:60]: API key or location is missing. Please provide a valid API key and location.
2025-12-02 11:53:16,835 [ERROR] [MainThread] [root/weather.py:60]: API key or location is missing. Please provide a valid API key and location.
2025-12-02 11:53:17,190 [INFO] [MainThread] [root/bar_manager.py:85]: Starting WindowsNotificationEventListener...
2025-12-02 11:53:17,191 [INFO] [MainThread] [root/bar_manager.py:85]: Starting SystemEventListener...
2025-12-02 11:53:17,191 [INFO] [MainThread] [root/watcher.py:54]: Created file watcher for path C:\Users\Moises.Dominguez\.config\yasb
2025-12-02 11:53:17,261 [DEBUG] [MainThread] [qasync._windows._EventPoller/_windows.py:215]: Starting (proactor: <_IocpProactor overlapped#=0 result#=0>)...
2025-12-02 11:53:17,262 [DEBUG] [Dummy-5] [qasync._windows._EventWorker/_windows.py:195]: Thread started
2025-12-02 11:53:49,193 [INFO] [MainThread] [root/controller.py:15]: Reloading Application because of config change.
2025-12-02 11:53:49,293 [INFO] [MainThread] [cli_server/cli_server.py:112]: Log pipe server stopped
2025-12-02 11:53:49,294 [DEBUG] [MainThread] [cli_server/cli_server.py:206]: CLI server stopped
2025-12-02 11:53:49,300 [INFO] [MainThread] [root/bar_manager.py:76]: Successfully loaded updated config and re-initialised all bars.
2025-12-02 11:53:49,627 [INFO] [MainThread] [root/log.py:69]: YASB v1.8.5
2025-12-02 11:53:49,628 [INFO] [Thread-1 (_run_server)] [cli_server/cli_server.py:212]: CLI server started v1.1.4
2025-12-02 11:53:49,628 [INFO] [MainThread] [cli_server/cli_server.py:104]: Log pipe server started
2025-12-02 11:53:49,628 [INFO] [MainThread] [root/main.py:45]: Waiting for previous YASB instance to exit...
2025-12-02 11:53:50,197 [INFO] [MainThread] [root/bar_manager.py:92]: Stopping WindowsNotificationEventListener...
2025-12-02 11:53:50,198 [INFO] [MainThread] [root/bar_manager.py:92]: Stopping SystemEventListener...
2025-12-02 11:53:50,202 [DEBUG] [MainThread] [qasync._windows._EventPoller/_windows.py:220]: Stopping worker thread...
2025-12-02 11:53:50,211 [DEBUG] [Dummy-5] [qasync._windows._EventWorker/_windows.py:204]: Exiting thread
2025-12-02 11:53:50,212 [DEBUG] [MainThread] [qasync._windows._IocpProactor/_windows.py:78]: Closing
2025-12-02 11:53:50,381 [INFO] [MainThread] [root/main.py:71]: Previous instance exited, continuing startup.
2025-12-02 11:53:50,944 [ERROR] [MainThread] [root/weather.py:60]: API key or location is missing. Please provide a valid API key and location.
2025-12-02 11:53:50,963 [INFO] [MainThread] [root/service.py:39]: AudioInputService starting...
2025-12-02 11:53:51,007 [INFO] [MainThread] [root/service.py:48]: AudioOutputService starting...
2025-12-02 11:53:51,525 [ERROR] [MainThread] [root/weather.py:60]: API key or location is missing. Please provide a valid API key and location.
2025-12-02 11:53:51,882 [ERROR] [MainThread] [root/weather.py:60]: API key or location is missing. Please provide a valid API key and location.
2025-12-02 11:53:52,243 [INFO] [MainThread] [root/bar_manager.py:85]: Starting SystemEventListener...
2025-12-02 11:53:52,244 [INFO] [MainThread] [root/bar_manager.py:85]: Starting WindowsNotificationEventListener...
2025-12-02 11:53:52,245 [INFO] [MainThread] [root/watcher.py:54]: Created file watcher for path C:\Users\Moises.Dominguez\.config\yasb
2025-12-02 11:53:52,314 [DEBUG] [MainThread] [qasync._windows._EventPoller/_windows.py:215]: Starting (proactor: <_IocpProactor overlapped#=0 result#=0>)...
2025-12-02 11:53:52,315 [DEBUG] [Dummy-5] [qasync._windows._EventWorker/_windows.py:195]: Thread started
2025-12-02 11:54:26,977 [ERROR] [MainThread] [root/config.py:124]: The file 'C:\Users\Moises.Dominguez\.config\yasb\config.yaml' contains Parser Error(s). Please fix:
while parsing a block mapping
  in "C:\Users\Moises.Dominguez\.config\yasb\config.yaml", line 3, column 1
expected <block end>, but found '<block mapping start>'
  in "C:\Users\Moises.Dominguez\.config\yasb\config.yaml", line 116, column 3
2025-12-02 11:54:39,948 [ERROR] [MainThread] [root/config.py:124]: The file 'C:\Users\Moises.Dominguez\.config\yasb\config.yaml' contains Parser Error(s). Please fix:
while parsing a block mapping
  in "C:\Users\Moises.Dominguez\.config\yasb\config.yaml", line 56, column 3
expected <block end>, but found '<block mapping start>'
  in "C:\Users\Moises.Dominguez\.config\yasb\config.yaml", line 116, column 5
2025-12-02 11:55:03,445 [INFO] [MainThread] [root/controller.py:15]: Reloading Application because of config change.
2025-12-02 11:55:03,546 [INFO] [MainThread] [cli_server/cli_server.py:112]: Log pipe server stopped
2025-12-02 11:55:03,547 [DEBUG] [MainThread] [cli_server/cli_server.py:206]: CLI server stopped
2025-12-02 11:55:03,555 [INFO] [MainThread] [root/bar_manager.py:76]: Successfully loaded updated config and re-initialised all bars.
2025-12-02 11:55:03,881 [INFO] [MainThread] [root/log.py:69]: YASB v1.8.5
2025-12-02 11:55:03,882 [INFO] [Thread-1 (_run_server)] [cli_server/cli_server.py:212]: CLI server started v1.1.4
2025-12-02 11:55:03,882 [INFO] [MainThread] [cli_server/cli_server.py:104]: Log pipe server started
2025-12-02 11:55:03,882 [INFO] [MainThread] [root/main.py:45]: Waiting for previous YASB instance to exit...
2025-12-02 11:55:04,443 [INFO] [MainThread] [root/bar_manager.py:92]: Stopping SystemEventListener...
2025-12-02 11:55:04,443 [INFO] [MainThread] [root/bar_manager.py:92]: Stopping WindowsNotificationEventListener...
2025-12-02 11:55:04,447 [DEBUG] [MainThread] [qasync._windows._EventPoller/_windows.py:220]: Stopping worker thread...
2025-12-02 11:55:04,451 [DEBUG] [Dummy-5] [qasync._windows._EventWorker/_windows.py:204]: Exiting thread
2025-12-02 11:55:04,453 [DEBUG] [MainThread] [qasync._windows._IocpProactor/_windows.py:78]: Closing
2025-12-02 11:55:04,635 [INFO] [MainThread] [root/main.py:71]: Previous instance exited, continuing startup.
2025-12-02 11:55:05,216 [ERROR] [MainThread] [root/weather.py:60]: API key or location is missing. Please provide a valid API key and location.
2025-12-02 11:55:05,217 [WARNING] [MainThread] [root/widget_builder.py:40]: No widget config could be found for widget 'microphone
2025-12-02 11:55:05,217 [WARNING] [MainThread] [root/widget_builder.py:40]: No widget config could be found for widget 'volume
2025-12-02 11:55:05,217 [WARNING] [MainThread] [root/widget_builder.py:40]: No widget config could be found for widget 'notifications
2025-12-02 11:55:05,217 [WARNING] [MainThread] [root/widget_builder.py:40]: No widget config could be found for widget 'power_menu
2025-12-02 11:55:05,641 [ERROR] [MainThread] [root/weather.py:60]: API key or location is missing. Please provide a valid API key and location.
2025-12-02 11:55:05,641 [WARNING] [MainThread] [root/widget_builder.py:37]: Ignoring construction of invalid widget 'microphone'
2025-12-02 11:55:05,642 [WARNING] [MainThread] [root/widget_builder.py:37]: Ignoring construction of invalid widget 'volume'
2025-12-02 11:55:05,642 [WARNING] [MainThread] [root/widget_builder.py:37]: Ignoring construction of invalid widget 'notifications'
2025-12-02 11:55:05,642 [WARNING] [MainThread] [root/widget_builder.py:37]: Ignoring construction of invalid widget 'power_menu'
2025-12-02 11:55:06,001 [ERROR] [MainThread] [root/weather.py:60]: API key or location is missing. Please provide a valid API key and location.
2025-12-02 11:55:06,001 [WARNING] [MainThread] [root/widget_builder.py:37]: Ignoring construction of invalid widget 'microphone'
2025-12-02 11:55:06,001 [WARNING] [MainThread] [root/widget_builder.py:37]: Ignoring construction of invalid widget 'volume'
2025-12-02 11:55:06,001 [WARNING] [MainThread] [root/widget_builder.py:37]: Ignoring construction of invalid widget 'notifications'
2025-12-02 11:55:06,001 [WARNING] [MainThread] [root/widget_builder.py:37]: Ignoring construction of invalid widget 'power_menu'
2025-12-02 11:55:06,330 [INFO] [MainThread] [root/bar_manager.py:85]: Starting SystemEventListener...
2025-12-02 11:55:06,330 [ERROR] [MainThread] [root/widget_builder.py:86]: Failed to add undefined widget(s)  - The widget "microphone" is undefined.
 - The widget "notifications" is undefined.
 - The widget "power_menu" is undefined.
 - The widget "volume" is undefined.
2025-12-02 11:55:06,357 [INFO] [MainThread] [root/watcher.py:54]: Created file watcher for path C:\Users\Moises.Dominguez\.config\yasb
2025-12-02 11:55:06,401 [DEBUG] [MainThread] [qasync._windows._EventPoller/_windows.py:215]: Starting (proactor: <_IocpProactor overlapped#=0 result#=0>)...
2025-12-02 11:55:06,402 [DEBUG] [Dummy-5] [qasync._windows._EventWorker/_windows.py:195]: Thread started
2025-12-02 11:55:46,996 [INFO] [MainThread] [root/controller.py:15]: Reloading Application because of config change.
2025-12-02 11:55:47,096 [INFO] [MainThread] [cli_server/cli_server.py:112]: Log pipe server stopped
2025-12-02 11:55:47,096 [DEBUG] [MainThread] [cli_server/cli_server.py:206]: CLI server stopped
2025-12-02 11:55:47,105 [INFO] [MainThread] [root/bar_manager.py:76]: Successfully loaded updated config and re-initialised all bars.
2025-12-02 11:55:47,438 [INFO] [MainThread] [root/log.py:69]: YASB v1.8.5
2025-12-02 11:55:47,439 [INFO] [Thread-1 (_run_server)] [cli_server/cli_server.py:212]: CLI server started v1.1.4
2025-12-02 11:55:47,440 [INFO] [MainThread] [cli_server/cli_server.py:104]: Log pipe server started
2025-12-02 11:55:47,440 [INFO] [MainThread] [root/main.py:45]: Waiting for previous YASB instance to exit...
2025-12-02 11:55:48,027 [INFO] [MainThread] [root/bar_manager.py:92]: Stopping SystemEventListener...
2025-12-02 11:55:48,030 [DEBUG] [MainThread] [qasync._windows._EventPoller/_windows.py:220]: Stopping worker thread...
2025-12-02 11:55:48,037 [DEBUG] [Dummy-5] [qasync._windows._EventWorker/_windows.py:204]: Exiting thread
2025-12-02 11:55:48,038 [DEBUG] [MainThread] [qasync._windows._IocpProactor/_windows.py:78]: Closing
2025-12-02 11:55:48,192 [INFO] [MainThread] [root/main.py:71]: Previous instance exited, continuing startup.
2025-12-02 11:55:48,756 [ERROR] [MainThread] [root/weather.py:60]: API key or location is missing. Please provide a valid API key and location.
2025-12-02 11:55:48,775 [INFO] [MainThread] [root/service.py:39]: AudioInputService starting...
2025-12-02 11:55:48,818 [INFO] [MainThread] [root/service.py:48]: AudioOutputService starting...
2025-12-02 11:55:48,839 [ERROR] [MainThread] [root/volume.py:610]: Failed to get volume info: list index out of range
2025-12-02 11:55:49,350 [ERROR] [MainThread] [root/weather.py:60]: API key or location is missing. Please provide a valid API key and location.
2025-12-02 11:55:49,358 [ERROR] [MainThread] [root/volume.py:610]: Failed to get volume info: list index out of range
2025-12-02 11:55:49,715 [ERROR] [MainThread] [root/weather.py:60]: API key or location is missing. Please provide a valid API key and location.
2025-12-02 11:55:49,722 [ERROR] [MainThread] [root/volume.py:610]: Failed to get volume info: list index out of range
2025-12-02 11:55:50,081 [INFO] [MainThread] [root/bar_manager.py:85]: Starting WindowsNotificationEventListener...
2025-12-02 11:55:50,082 [INFO] [MainThread] [root/bar_manager.py:85]: Starting SystemEventListener...
2025-12-02 11:55:50,082 [INFO] [MainThread] [root/watcher.py:54]: Created file watcher for path C:\Users\Moises.Dominguez\.config\yasb
2025-12-02 11:55:50,137 [DEBUG] [MainThread] [qasync._windows._EventPoller/_windows.py:215]: Starting (proactor: <_IocpProactor overlapped#=0 result#=0>)...
2025-12-02 11:55:50,139 [DEBUG] [Dummy-5] [qasync._windows._EventWorker/_windows.py:195]: Thread started
2025-12-02 11:55:57,485 [ERROR] [MainThread] [root/volume.py:610]: Failed to get volume info: list index out of range
2025-12-02 11:55:57,486 [ERROR] [MainThread] [root/volume.py:610]: Failed to get volume info: list index out of range
2025-12-02 11:55:57,488 [ERROR] [MainThread] [root/volume.py:610]: Failed to get volume info: list index out of range
2025-12-02 11:55:57,488 [ERROR] [MainThread] [root/volume.py:610]: Failed to get volume info: list index out of range
2025-12-02 11:55:58,813 [ERROR] [MainThread] [root/volume.py:610]: Failed to get volume info: list index out of range
2025-12-02 11:55:58,814 [ERROR] [MainThread] [root/volume.py:610]: Failed to get volume info: list index out of range
2025-12-02 11:55:58,815 [ERROR] [MainThread] [root/volume.py:610]: Failed to get volume info: list index out of range
2025-12-02 11:55:58,816 [ERROR] [MainThread] [root/volume.py:610]: Failed to get volume info: list index out of range
2025-12-02 11:58:17,126 [INFO] [MainThread] [root/controller.py:15]: Reloading Application because of config change.
2025-12-02 11:58:17,229 [INFO] [MainThread] [cli_server/cli_server.py:112]: Log pipe server stopped
2025-12-02 11:58:17,229 [DEBUG] [MainThread] [cli_server/cli_server.py:206]: CLI server stopped
2025-12-02 11:58:17,235 [INFO] [MainThread] [root/bar_manager.py:76]: Successfully loaded updated config and re-initialised all bars.
2025-12-02 11:58:17,594 [INFO] [MainThread] [root/log.py:69]: YASB v1.8.5
2025-12-02 11:58:17,595 [INFO] [Thread-1 (_run_server)] [cli_server/cli_server.py:212]: CLI server started v1.1.4
2025-12-02 11:58:17,595 [INFO] [MainThread] [cli_server/cli_server.py:104]: Log pipe server started
2025-12-02 11:58:17,595 [INFO] [MainThread] [root/main.py:45]: Waiting for previous YASB instance to exit...
2025-12-02 11:58:18,114 [INFO] [MainThread] [root/bar_manager.py:92]: Stopping WindowsNotificationEventListener...
2025-12-02 11:58:18,114 [INFO] [MainThread] [root/bar_manager.py:92]: Stopping SystemEventListener...
2025-12-02 11:58:18,118 [DEBUG] [MainThread] [qasync._windows._EventPoller/_windows.py:220]: Stopping worker thread...
2025-12-02 11:58:18,124 [DEBUG] [Dummy-5] [qasync._windows._EventWorker/_windows.py:204]: Exiting thread
2025-12-02 11:58:18,127 [DEBUG] [MainThread] [qasync._windows._IocpProactor/_windows.py:78]: Closing
2025-12-02 11:58:18,347 [INFO] [MainThread] [root/main.py:71]: Previous instance exited, continuing startup.
2025-12-02 11:58:18,991 [ERROR] [MainThread] [root/weather.py:60]: API key or location is missing. Please provide a valid API key and location.
2025-12-02 11:58:19,008 [INFO] [MainThread] [root/service.py:39]: AudioInputService starting...
2025-12-02 11:58:19,050 [INFO] [MainThread] [root/service.py:48]: AudioOutputService starting...
2025-12-02 11:58:19,372 [DEBUG] [MainThread] [root/win32_accent.py:123]: Failed to apply settings: [WinError 0] The operation completed successfully.
2025-12-02 11:58:19,639 [ERROR] [MainThread] [root/weather.py:60]: API key or location is missing. Please provide a valid API key and location.
2025-12-02 11:58:19,893 [DEBUG] [MainThread] [root/win32_accent.py:123]: Failed to apply settings: [WinError 0] The operation completed successfully.
2025-12-02 11:58:20,028 [ERROR] [MainThread] [root/weather.py:60]: API key or location is missing. Please provide a valid API key and location.
2025-12-02 11:58:20,292 [DEBUG] [MainThread] [root/win32_accent.py:123]: Failed to apply settings: [WinError 0] The operation completed successfully.
2025-12-02 11:58:20,379 [INFO] [MainThread] [root/bar_manager.py:85]: Starting SystemEventListener...
2025-12-02 11:58:20,379 [INFO] [MainThread] [root/bar_manager.py:85]: Starting WindowsNotificationEventListener...
2025-12-02 11:58:20,381 [INFO] [MainThread] [root/watcher.py:54]: Created file watcher for path C:\Users\Moises.Dominguez\.config\yasb
2025-12-02 11:58:20,443 [DEBUG] [MainThread] [qasync._windows._EventPoller/_windows.py:215]: Starting (proactor: <_IocpProactor overlapped#=0 result#=0>)...
2025-12-02 11:58:20,445 [DEBUG] [Dummy-5] [qasync._windows._EventWorker/_windows.py:195]: Thread started
2025-12-02 12:09:11,365 [INFO] [MainThread] [root/controller.py:15]: Reloading Application from tray...
2025-12-02 12:09:11,467 [INFO] [MainThread] [cli_server/cli_server.py:112]: Log pipe server stopped
2025-12-02 12:09:11,467 [DEBUG] [MainThread] [cli_server/cli_server.py:206]: CLI server stopped
2025-12-02 12:09:11,826 [INFO] [MainThread] [root/log.py:69]: YASB v1.8.5
2025-12-02 12:09:11,827 [INFO] [Thread-1 (_run_server)] [cli_server/cli_server.py:212]: CLI server started v1.1.4
2025-12-02 12:09:11,828 [INFO] [MainThread] [cli_server/cli_server.py:104]: Log pipe server started
2025-12-02 12:09:11,828 [INFO] [MainThread] [root/main.py:45]: Waiting for previous YASB instance to exit...
2025-12-02 12:09:12,448 [INFO] [MainThread] [root/bar_manager.py:92]: Stopping SystemEventListener...
2025-12-02 12:09:12,448 [INFO] [MainThread] [root/bar_manager.py:92]: Stopping WindowsNotificationEventListener...
2025-12-02 12:09:12,454 [DEBUG] [MainThread] [qasync._windows._EventPoller/_windows.py:220]: Stopping worker thread...
2025-12-02 12:09:12,458 [DEBUG] [Dummy-5] [qasync._windows._EventWorker/_windows.py:204]: Exiting thread
2025-12-02 12:09:16,842 [INFO] [MainThread] [root/main.py:71]: Previous instance exited, continuing startup.
2025-12-02 12:09:17,404 [ERROR] [MainThread] [root/weather.py:60]: API key or location is missing. Please provide a valid API key and location.
2025-12-02 12:09:17,423 [INFO] [MainThread] [root/service.py:39]: AudioInputService starting...
2025-12-02 12:09:17,465 [INFO] [MainThread] [root/service.py:48]: AudioOutputService starting...
2025-12-02 12:09:17,796 [DEBUG] [MainThread] [root/win32_accent.py:123]: Failed to apply settings: [WinError 0] The operation completed successfully.
2025-12-02 12:09:17,943 [ERROR] [MainThread] [root/weather.py:60]: API key or location is missing. Please provide a valid API key and location.
2025-12-02 12:09:18,619 [DEBUG] [MainThread] [root/win32_accent.py:123]: Failed to apply settings: [WinError 0] The operation completed successfully.
2025-12-02 12:09:18,791 [ERROR] [MainThread] [root/weather.py:60]: API key or location is missing. Please provide a valid API key and location.
2025-12-02 12:09:19,116 [DEBUG] [MainThread] [root/win32_accent.py:123]: Failed to apply settings: [WinError 0] The operation completed successfully.
2025-12-02 12:09:19,216 [INFO] [MainThread] [root/bar_manager.py:85]: Starting WindowsNotificationEventListener...
2025-12-02 12:09:19,217 [INFO] [MainThread] [root/bar_manager.py:85]: Starting SystemEventListener...
2025-12-02 12:09:19,217 [INFO] [MainThread] [root/watcher.py:54]: Created file watcher for path C:\Users\Moises.Dominguez\.config\yasb
2025-12-02 12:09:19,281 [DEBUG] [MainThread] [qasync._windows._EventPoller/_windows.py:215]: Starting (proactor: <_IocpProactor overlapped#=0 result#=0>)...
2025-12-02 12:09:19,283 [DEBUG] [Dummy-5] [qasync._windows._EventWorker/_windows.py:195]: Thread started
2025-12-02 12:10:14,595 [INFO] [MainThread] [root/controller.py:35]: Exiting Application from tray...
2025-12-02 12:10:14,696 [INFO] [MainThread] [cli_server/cli_server.py:112]: Log pipe server stopped
2025-12-02 12:10:14,696 [DEBUG] [MainThread] [cli_server/cli_server.py:206]: CLI server stopped
2025-12-02 12:10:15,588 [INFO] [MainThread] [root/bar_manager.py:92]: Stopping WindowsNotificationEventListener...
2025-12-02 12:10:15,589 [INFO] [MainThread] [root/bar_manager.py:92]: Stopping SystemEventListener...
2025-12-02 12:10:15,593 [DEBUG] [MainThread] [qasync._windows._EventPoller/_windows.py:220]: Stopping worker thread...
2025-12-02 12:10:15,601 [DEBUG] [Dummy-5] [qasync._windows._EventWorker/_windows.py:204]: Exiting thread
2025-12-02 12:10:15,602 [DEBUG] [MainThread] [qasync._windows._IocpProactor/_windows.py:78]: Closing
2025-12-02 12:10:19,683 [INFO] [MainThread] [root/log.py:69]: YASB v1.8.5
2025-12-02 12:10:19,683 [INFO] [Thread-1 (_run_server)] [cli_server/cli_server.py:212]: CLI server started v1.1.4
2025-12-02 12:10:19,684 [INFO] [MainThread] [cli_server/cli_server.py:104]: Log pipe server started
2025-12-02 12:10:20,253 [ERROR] [MainThread] [root/weather.py:60]: API key or location is missing. Please provide a valid API key and location.
2025-12-02 12:10:20,273 [INFO] [MainThread] [root/service.py:39]: AudioInputService starting...
2025-12-02 12:10:20,320 [INFO] [MainThread] [root/service.py:48]: AudioOutputService starting...
2025-12-02 12:10:20,680 [DEBUG] [MainThread] [root/win32_accent.py:123]: Failed to apply settings: [WinError 0] The operation completed successfully.
2025-12-02 12:10:20,814 [ERROR] [MainThread] [root/weather.py:60]: API key or location is missing. Please provide a valid API key and location.
2025-12-02 12:10:21,477 [DEBUG] [MainThread] [root/win32_accent.py:123]: Failed to apply settings: [WinError 0] The operation completed successfully.
2025-12-02 12:10:21,632 [ERROR] [MainThread] [root/weather.py:60]: API key or location is missing. Please provide a valid API key and location.
2025-12-02 12:10:21,961 [DEBUG] [MainThread] [root/win32_accent.py:123]: Failed to apply settings: [WinError 0] The operation completed successfully.
2025-12-02 12:10:22,051 [INFO] [MainThread] [root/bar_manager.py:85]: Starting SystemEventListener...
2025-12-02 12:10:22,052 [INFO] [MainThread] [root/bar_manager.py:85]: Starting WindowsNotificationEventListener...
2025-12-02 12:10:22,054 [INFO] [MainThread] [root/watcher.py:54]: Created file watcher for path C:\Users\Moises.Dominguez\.config\yasb
2025-12-02 12:10:22,132 [DEBUG] [MainThread] [qasync._windows._EventPoller/_windows.py:215]: Starting (proactor: <_IocpProactor overlapped#=0 result#=0>)...
2025-12-02 12:10:22,134 [DEBUG] [Dummy-8] [qasync._windows._EventWorker/_windows.py:195]: Thread started
2025-12-02 12:37:04,456 [INFO] [MainThread] [root/controller.py:15]: Reloading Application because of config change.
2025-12-02 12:37:04,556 [INFO] [MainThread] [cli_server/cli_server.py:112]: Log pipe server stopped
2025-12-02 12:37:04,556 [DEBUG] [MainThread] [cli_server/cli_server.py:206]: CLI server stopped
2025-12-02 12:37:04,570 [INFO] [MainThread] [root/bar_manager.py:76]: Successfully loaded updated config and re-initialised all bars.
2025-12-02 12:37:04,979 [INFO] [MainThread] [root/log.py:69]: YASB v1.8.5
2025-12-02 12:37:04,979 [INFO] [Thread-1 (_run_server)] [cli_server/cli_server.py:212]: CLI server started v1.1.4
2025-12-02 12:37:04,980 [INFO] [MainThread] [cli_server/cli_server.py:104]: Log pipe server started
2025-12-02 12:37:04,980 [INFO] [MainThread] [root/main.py:45]: Waiting for previous YASB instance to exit...
2025-12-02 12:37:05,624 [INFO] [MainThread] [root/bar_manager.py:92]: Stopping SystemEventListener...
2025-12-02 12:37:05,625 [INFO] [MainThread] [root/bar_manager.py:92]: Stopping WindowsNotificationEventListener...
2025-12-02 12:37:05,648 [DEBUG] [MainThread] [qasync._windows._EventPoller/_windows.py:220]: Stopping worker thread...
2025-12-02 12:37:05,653 [DEBUG] [Dummy-8] [qasync._windows._EventWorker/_windows.py:204]: Exiting thread
2025-12-02 12:37:05,656 [DEBUG] [MainThread] [qasync._windows._IocpProactor/_windows.py:78]: Closing
2025-12-02 12:37:05,731 [INFO] [MainThread] [root/main.py:71]: Previous instance exited, continuing startup.
2025-12-02 12:37:06,678 [ERROR] [MainThread] [root/weather.py:60]: API key or location is missing. Please provide a valid API key and location.
2025-12-02 12:37:06,696 [INFO] [MainThread] [root/service.py:39]: AudioInputService starting...
2025-12-02 12:37:06,741 [INFO] [MainThread] [root/service.py:48]: AudioOutputService starting...
2025-12-02 12:37:07,095 [DEBUG] [MainThread] [root/win32_accent.py:123]: Failed to apply settings: [WinError 0] The operation completed successfully.
2025-12-02 12:37:07,182 [INFO] [MainThread] [root/bar_manager.py:85]: Starting SystemEventListener...
2025-12-02 12:37:07,182 [INFO] [MainThread] [root/bar_manager.py:85]: Starting WindowsNotificationEventListener...
2025-12-02 12:37:07,183 [INFO] [MainThread] [root/watcher.py:54]: Created file watcher for path C:\Users\Moises.Dominguez\.config\yasb
2025-12-02 12:37:07,355 [DEBUG] [MainThread] [qasync._windows._EventPoller/_windows.py:215]: Starting (proactor: <_IocpProactor overlapped#=0 result#=0>)...
2025-12-02 12:37:07,356 [DEBUG] [Dummy-6] [qasync._windows._EventWorker/_windows.py:195]: Thread started
2025-12-02 12:40:32,257 [INFO] [MainThread] [root/controller.py:15]: Reloading Application because of config change.
2025-12-02 12:40:32,357 [INFO] [MainThread] [cli_server/cli_server.py:112]: Log pipe server stopped
2025-12-02 12:40:32,357 [DEBUG] [MainThread] [cli_server/cli_server.py:206]: CLI server stopped
2025-12-02 12:40:32,363 [INFO] [MainThread] [root/bar_manager.py:76]: Successfully loaded updated config and re-initialised all bars.
2025-12-02 12:40:32,687 [INFO] [MainThread] [root/bar_manager.py:92]: Stopping SystemEventListener...
2025-12-02 12:40:32,687 [INFO] [MainThread] [root/bar_manager.py:92]: Stopping WindowsNotificationEventListener...
2025-12-02 12:40:32,697 [DEBUG] [MainThread] [qasync._windows._EventPoller/_windows.py:220]: Stopping worker thread...
2025-12-02 12:40:32,705 [DEBUG] [Dummy-6] [qasync._windows._EventWorker/_windows.py:204]: Exiting thread
2025-12-02 12:40:32,707 [DEBUG] [MainThread] [qasync._windows._IocpProactor/_windows.py:78]: Closing
2025-12-02 12:40:32,736 [INFO] [MainThread] [root/log.py:69]: YASB v1.8.5
2025-12-02 12:40:32,737 [INFO] [Thread-1 (_run_server)] [cli_server/cli_server.py:212]: CLI server started v1.1.4
2025-12-02 12:40:32,738 [INFO] [MainThread] [cli_server/cli_server.py:104]: Log pipe server started
2025-12-02 12:40:32,738 [INFO] [MainThread] [root/main.py:45]: Waiting for previous YASB instance to exit...
2025-12-02 12:40:32,989 [INFO] [MainThread] [root/main.py:71]: Previous instance exited, continuing startup.
2025-12-02 12:40:33,568 [ERROR] [MainThread] [root/weather.py:60]: API key or location is missing. Please provide a valid API key and location.
2025-12-02 12:40:33,589 [INFO] [MainThread] [root/service.py:39]: AudioInputService starting...
2025-12-02 12:40:33,633 [INFO] [MainThread] [root/service.py:48]: AudioOutputService starting...
2025-12-02 12:40:33,996 [DEBUG] [MainThread] [root/win32_accent.py:123]: Failed to apply settings: [WinError 0] The operation completed successfully.
2025-12-02 12:40:34,128 [ERROR] [MainThread] [root/weather.py:60]: API key or location is missing. Please provide a valid API key and location.
2025-12-02 12:40:34,495 [DEBUG] [MainThread] [root/win32_accent.py:123]: Failed to apply settings: [WinError 0] The operation completed successfully.
2025-12-02 12:40:34,639 [ERROR] [MainThread] [root/weather.py:60]: API key or location is missing. Please provide a valid API key and location.
2025-12-02 12:40:35,026 [DEBUG] [MainThread] [root/win32_accent.py:123]: Failed to apply settings: [WinError 0] The operation completed successfully.
2025-12-02 12:40:35,121 [INFO] [MainThread] [root/bar_manager.py:85]: Starting WindowsNotificationEventListener...
2025-12-02 12:40:35,122 [INFO] [MainThread] [root/bar_manager.py:85]: Starting SystemEventListener...
2025-12-02 12:40:35,123 [INFO] [MainThread] [root/watcher.py:54]: Created file watcher for path C:\Users\Moises.Dominguez\.config\yasb
2025-12-02 12:40:35,183 [DEBUG] [MainThread] [qasync._windows._EventPoller/_windows.py:215]: Starting (proactor: <_IocpProactor overlapped#=0 result#=0>)...
2025-12-02 12:40:35,184 [DEBUG] [Dummy-8] [qasync._windows._EventWorker/_windows.py:195]: Thread started
2025-12-02 12:52:58,050 [INFO] [MainThread] [root/bar_manager.py:80]: Screens updated. Re-initialising all bars.
2025-12-02 12:52:58,050 [INFO] [MainThread] [root/controller.py:15]: Reloading Application because of screen update.
2025-12-02 12:52:58,152 [INFO] [MainThread] [cli_server/cli_server.py:112]: Log pipe server stopped
2025-12-02 12:52:58,152 [DEBUG] [MainThread] [cli_server/cli_server.py:206]: CLI server stopped
2025-12-02 12:52:58,507 [INFO] [MainThread] [root/log.py:69]: YASB v1.8.5
2025-12-02 12:52:58,507 [INFO] [Thread-1 (_run_server)] [cli_server/cli_server.py:212]: CLI server started v1.1.4
2025-12-02 12:52:58,508 [INFO] [MainThread] [cli_server/cli_server.py:104]: Log pipe server started
2025-12-02 12:52:58,509 [INFO] [MainThread] [root/main.py:45]: Waiting for previous YASB instance to exit...
2025-12-02 12:52:59,005 [INFO] [MainThread] [root/bar_manager.py:92]: Stopping WindowsNotificationEventListener...
2025-12-02 12:52:59,005 [INFO] [MainThread] [root/bar_manager.py:92]: Stopping SystemEventListener...
2025-12-02 12:52:59,025 [DEBUG] [MainThread] [qasync._windows._EventPoller/_windows.py:220]: Stopping worker thread...
2025-12-02 12:52:59,028 [DEBUG] [Dummy-8] [qasync._windows._EventWorker/_windows.py:204]: Exiting thread
2025-12-02 12:52:59,029 [DEBUG] [MainThread] [qasync._windows._IocpProactor/_windows.py:78]: Closing
2025-12-02 12:52:59,260 [INFO] [MainThread] [root/main.py:71]: Previous instance exited, continuing startup.
2025-12-02 12:52:59,800 [ERROR] [MainThread] [root/weather.py:60]: API key or location is missing. Please provide a valid API key and location.
2025-12-02 12:52:59,818 [INFO] [MainThread] [root/service.py:39]: AudioInputService starting...
2025-12-02 12:52:59,862 [INFO] [MainThread] [root/service.py:48]: AudioOutputService starting...
2025-12-02 12:53:00,225 [DEBUG] [MainThread] [root/win32_accent.py:123]: Failed to apply settings: [WinError 0] The operation completed successfully.
2025-12-02 12:53:00,371 [ERROR] [MainThread] [root/weather.py:60]: API key or location is missing. Please provide a valid API key and location.
2025-12-02 12:53:00,807 [DEBUG] [MainThread] [root/win32_accent.py:123]: Failed to apply settings: [WinError 0] The operation completed successfully.
2025-12-02 12:53:00,892 [INFO] [MainThread] [root/bar_manager.py:85]: Starting WindowsNotificationEventListener...
2025-12-02 12:53:00,893 [INFO] [MainThread] [root/bar_manager.py:85]: Starting SystemEventListener...
2025-12-02 12:53:00,894 [INFO] [MainThread] [root/watcher.py:54]: Created file watcher for path C:\Users\Moises.Dominguez\.config\yasb
2025-12-02 12:53:00,950 [DEBUG] [MainThread] [qasync._windows._EventPoller/_windows.py:215]: Starting (proactor: <_IocpProactor overlapped#=0 result#=0>)...
2025-12-02 12:53:00,951 [DEBUG] [Dummy-7] [qasync._windows._EventWorker/_windows.py:195]: Thread started
2025-12-02 13:02:29,258 [INFO] [MainThread] [root/controller.py:15]: Reloading Application because of config change.
2025-12-02 13:02:29,358 [INFO] [MainThread] [cli_server/cli_server.py:112]: Log pipe server stopped
2025-12-02 13:02:29,358 [DEBUG] [MainThread] [cli_server/cli_server.py:206]: CLI server stopped
2025-12-02 13:02:29,366 [INFO] [MainThread] [root/bar_manager.py:76]: Successfully loaded updated config and re-initialised all bars.
2025-12-02 13:02:29,742 [INFO] [MainThread] [root/log.py:69]: YASB v1.8.5
2025-12-02 13:02:29,743 [INFO] [Thread-1 (_run_server)] [cli_server/cli_server.py:212]: CLI server started v1.1.4
2025-12-02 13:02:29,743 [INFO] [MainThread] [cli_server/cli_server.py:104]: Log pipe server started
2025-12-02 13:02:29,743 [INFO] [MainThread] [root/main.py:45]: Waiting for previous YASB instance to exit...
2025-12-02 13:02:29,878 [INFO] [MainThread] [root/bar_manager.py:92]: Stopping WindowsNotificationEventListener...
2025-12-02 13:02:29,878 [INFO] [MainThread] [root/bar_manager.py:92]: Stopping SystemEventListener...
2025-12-02 13:02:29,892 [DEBUG] [MainThread] [qasync._windows._EventPoller/_windows.py:220]: Stopping worker thread...
2025-12-02 13:02:29,900 [DEBUG] [Dummy-7] [qasync._windows._EventWorker/_windows.py:204]: Exiting thread
2025-12-02 13:02:29,903 [DEBUG] [MainThread] [qasync._windows._IocpProactor/_windows.py:78]: Closing
2025-12-02 13:02:29,993 [INFO] [MainThread] [root/main.py:71]: Previous instance exited, continuing startup.
2025-12-02 13:02:30,591 [ERROR] [MainThread] [root/weather.py:60]: API key or location is missing. Please provide a valid API key and location.
2025-12-02 13:02:30,614 [INFO] [MainThread] [root/service.py:39]: AudioInputService starting...
2025-12-02 13:02:30,659 [INFO] [MainThread] [root/service.py:48]: AudioOutputService starting...
2025-12-02 13:02:30,980 [DEBUG] [MainThread] [root/win32_accent.py:123]: Failed to apply settings: [WinError 0] The operation completed successfully.
2025-12-02 13:02:31,107 [ERROR] [MainThread] [root/weather.py:60]: API key or location is missing. Please provide a valid API key and location.
2025-12-02 13:02:31,372 [DEBUG] [MainThread] [root/win32_accent.py:123]: Failed to apply settings: [WinError 0] The operation completed successfully.
2025-12-02 13:02:31,444 [INFO] [MainThread] [root/bar_manager.py:85]: Starting WindowsNotificationEventListener...
2025-12-02 13:02:31,445 [INFO] [MainThread] [root/bar_manager.py:85]: Starting SystemEventListener...
2025-12-02 13:02:31,445 [INFO] [MainThread] [root/watcher.py:54]: Created file watcher for path C:\Users\Moises.Dominguez\.config\yasb
2025-12-02 13:02:31,566 [DEBUG] [MainThread] [qasync._windows._EventPoller/_windows.py:215]: Starting (proactor: <_IocpProactor overlapped#=0 result#=0>)...
2025-12-02 13:02:31,567 [DEBUG] [Dummy-7] [qasync._windows._EventWorker/_windows.py:195]: Thread started
2025-12-02 13:05:09,333 [INFO] [MainThread] [root/controller.py:15]: Reloading Application because of config change.
2025-12-02 13:05:09,433 [INFO] [MainThread] [cli_server/cli_server.py:112]: Log pipe server stopped
2025-12-02 13:05:09,434 [DEBUG] [MainThread] [cli_server/cli_server.py:206]: CLI server stopped
2025-12-02 13:05:09,441 [INFO] [MainThread] [root/bar_manager.py:76]: Successfully loaded updated config and re-initialised all bars.
2025-12-02 13:05:09,791 [INFO] [MainThread] [root/log.py:69]: YASB v1.8.5
2025-12-02 13:05:09,791 [INFO] [Thread-1 (_run_server)] [cli_server/cli_server.py:212]: CLI server started v1.1.4
2025-12-02 13:05:09,792 [INFO] [MainThread] [cli_server/cli_server.py:104]: Log pipe server started
2025-12-02 13:05:09,792 [INFO] [MainThread] [root/main.py:45]: Waiting for previous YASB instance to exit...
2025-12-02 13:05:10,066 [INFO] [MainThread] [root/bar_manager.py:92]: Stopping WindowsNotificationEventListener...
2025-12-02 13:05:10,067 [INFO] [MainThread] [root/bar_manager.py:92]: Stopping SystemEventListener...
2025-12-02 13:05:10,081 [DEBUG] [MainThread] [qasync._windows._EventPoller/_windows.py:220]: Stopping worker thread...
2025-12-02 13:05:10,084 [DEBUG] [Dummy-7] [qasync._windows._EventWorker/_windows.py:204]: Exiting thread
2025-12-02 13:05:10,086 [DEBUG] [MainThread] [qasync._windows._IocpProactor/_windows.py:78]: Closing
2025-12-02 13:05:10,293 [INFO] [MainThread] [root/main.py:71]: Previous instance exited, continuing startup.
2025-12-02 13:05:10,887 [ERROR] [MainThread] [root/weather.py:60]: API key or location is missing. Please provide a valid API key and location.
2025-12-02 13:05:10,907 [INFO] [MainThread] [root/service.py:39]: AudioInputService starting...
2025-12-02 13:05:10,952 [INFO] [MainThread] [root/service.py:48]: AudioOutputService starting...
2025-12-02 13:05:11,308 [DEBUG] [MainThread] [root/win32_accent.py:123]: Failed to apply settings: [WinError 0] The operation completed successfully.
2025-12-02 13:05:11,443 [ERROR] [MainThread] [root/weather.py:60]: API key or location is missing. Please provide a valid API key and location.
2025-12-02 13:05:11,907 [DEBUG] [MainThread] [root/win32_accent.py:123]: Failed to apply settings: [WinError 0] The operation completed successfully.
2025-12-02 13:05:12,014 [INFO] [MainThread] [root/bar_manager.py:85]: Starting WindowsNotificationEventListener...
2025-12-02 13:05:12,015 [INFO] [MainThread] [root/bar_manager.py:85]: Starting SystemEventListener...
2025-12-02 13:05:12,016 [INFO] [MainThread] [root/watcher.py:54]: Created file watcher for path C:\Users\Moises.Dominguez\.config\yasb
2025-12-02 13:05:12,098 [DEBUG] [MainThread] [qasync._windows._EventPoller/_windows.py:215]: Starting (proactor: <_IocpProactor overlapped#=0 result#=0>)...
2025-12-02 13:05:12,099 [DEBUG] [Dummy-7] [qasync._windows._EventWorker/_windows.py:195]: Thread started
2025-12-02 13:12:03,749 [INFO] [MainThread] [root/controller.py:15]: Reloading Application from tray...
2025-12-02 13:12:03,850 [INFO] [MainThread] [cli_server/cli_server.py:112]: Log pipe server stopped
2025-12-02 13:12:03,850 [DEBUG] [MainThread] [cli_server/cli_server.py:206]: CLI server stopped
2025-12-02 13:12:04,202 [INFO] [MainThread] [root/log.py:69]: YASB v1.8.5
2025-12-02 13:12:04,202 [INFO] [Thread-1 (_run_server)] [cli_server/cli_server.py:212]: CLI server started v1.1.4
2025-12-02 13:12:04,202 [INFO] [MainThread] [cli_server/cli_server.py:104]: Log pipe server started
2025-12-02 13:12:04,203 [INFO] [MainThread] [root/main.py:45]: Waiting for previous YASB instance to exit...
2025-12-02 13:12:04,347 [INFO] [MainThread] [root/bar_manager.py:92]: Stopping WindowsNotificationEventListener...
2025-12-02 13:12:04,348 [INFO] [MainThread] [root/bar_manager.py:92]: Stopping SystemEventListener...
2025-12-02 13:12:04,362 [DEBUG] [MainThread] [qasync._windows._EventPoller/_windows.py:220]: Stopping worker thread...
2025-12-02 13:12:04,364 [DEBUG] [Dummy-7] [qasync._windows._EventWorker/_windows.py:204]: Exiting thread
2025-12-02 13:12:04,366 [DEBUG] [MainThread] [qasync._windows._IocpProactor/_windows.py:78]: Closing
2025-12-02 13:12:04,453 [INFO] [MainThread] [root/main.py:71]: Previous instance exited, continuing startup.
2025-12-02 13:12:05,034 [ERROR] [MainThread] [root/weather.py:60]: API key or location is missing. Please provide a valid API key and location.
2025-12-02 13:12:05,051 [INFO] [MainThread] [root/service.py:39]: AudioInputService starting...
2025-12-02 13:12:05,095 [INFO] [MainThread] [root/service.py:48]: AudioOutputService starting...
2025-12-02 13:12:05,416 [DEBUG] [MainThread] [root/win32_accent.py:123]: Failed to apply settings: [WinError 0] The operation completed successfully.
2025-12-02 13:12:05,542 [ERROR] [MainThread] [root/weather.py:60]: API key or location is missing. Please provide a valid API key and location.
2025-12-02 13:12:05,787 [DEBUG] [MainThread] [root/win32_accent.py:123]: Failed to apply settings: [WinError 0] The operation completed successfully.
2025-12-02 13:12:05,871 [INFO] [MainThread] [root/bar_manager.py:85]: Starting WindowsNotificationEventListener...
2025-12-02 13:12:05,872 [INFO] [MainThread] [root/bar_manager.py:85]: Starting SystemEventListener...
2025-12-02 13:12:05,872 [INFO] [MainThread] [root/watcher.py:54]: Created file watcher for path C:\Users\Moises.Dominguez\.config\yasb
2025-12-02 13:12:05,952 [DEBUG] [MainThread] [qasync._windows._EventPoller/_windows.py:215]: Starting (proactor: <_IocpProactor overlapped#=0 result#=0>)...
2025-12-02 13:12:05,953 [DEBUG] [Dummy-7] [qasync._windows._EventWorker/_windows.py:195]: Thread started
2025-12-02 13:13:28,817 [INFO] [MainThread] [root/controller.py:15]: Reloading Application from tray...
2025-12-02 13:13:28,919 [INFO] [MainThread] [cli_server/cli_server.py:112]: Log pipe server stopped
2025-12-02 13:13:28,919 [DEBUG] [MainThread] [cli_server/cli_server.py:206]: CLI server stopped
2025-12-02 13:13:29,288 [INFO] [MainThread] [root/log.py:69]: YASB v1.8.5
2025-12-02 13:13:29,288 [INFO] [Thread-1 (_run_server)] [cli_server/cli_server.py:212]: CLI server started v1.1.4
2025-12-02 13:13:29,289 [INFO] [MainThread] [cli_server/cli_server.py:104]: Log pipe server started
2025-12-02 13:13:29,289 [INFO] [MainThread] [root/main.py:45]: Waiting for previous YASB instance to exit...
2025-12-02 13:13:29,445 [INFO] [MainThread] [root/bar_manager.py:92]: Stopping WindowsNotificationEventListener...
2025-12-02 13:13:29,446 [INFO] [MainThread] [root/bar_manager.py:92]: Stopping SystemEventListener...
2025-12-02 13:13:29,462 [DEBUG] [MainThread] [qasync._windows._EventPoller/_windows.py:220]: Stopping worker thread...
2025-12-02 13:13:29,463 [DEBUG] [Dummy-7] [qasync._windows._EventWorker/_windows.py:204]: Exiting thread
2025-12-02 13:13:29,465 [DEBUG] [MainThread] [qasync._windows._IocpProactor/_windows.py:78]: Closing
2025-12-02 13:13:29,540 [INFO] [MainThread] [root/main.py:71]: Previous instance exited, continuing startup.
2025-12-02 13:13:30,118 [ERROR] [MainThread] [root/weather.py:60]: API key or location is missing. Please provide a valid API key and location.
2025-12-02 13:13:30,136 [INFO] [MainThread] [root/service.py:39]: AudioInputService starting...
2025-12-02 13:13:30,180 [INFO] [MainThread] [root/service.py:48]: AudioOutputService starting...
2025-12-02 13:13:30,493 [DEBUG] [MainThread] [root/win32_accent.py:123]: Failed to apply settings: [WinError 0] The operation completed successfully.
2025-12-02 13:13:30,617 [ERROR] [MainThread] [root/weather.py:60]: API key or location is missing. Please provide a valid API key and location.
2025-12-02 13:13:30,863 [DEBUG] [MainThread] [root/win32_accent.py:123]: Failed to apply settings: [WinError 0] The operation completed successfully.
2025-12-02 13:13:30,960 [INFO] [MainThread] [root/bar_manager.py:85]: Starting SystemEventListener...
2025-12-02 13:13:30,961 [INFO] [MainThread] [root/bar_manager.py:85]: Starting WindowsNotificationEventListener...
2025-12-02 13:13:30,962 [INFO] [MainThread] [root/watcher.py:54]: Created file watcher for path C:\Users\Moises.Dominguez\.config\yasb
2025-12-02 13:13:31,035 [DEBUG] [MainThread] [qasync._windows._EventPoller/_windows.py:215]: Starting (proactor: <_IocpProactor overlapped#=0 result#=0>)...
2025-12-02 13:13:31,036 [DEBUG] [Dummy-7] [qasync._windows._EventWorker/_windows.py:195]: Thread started
2025-12-02 13:29:09,484 [ERROR] [MainThread] [root/config.py:115]: The config file 'C:\Users\Moises.Dominguez\.config\yasb\config.yaml' contains validation errors. Please fix:
widgets:
- glazewm_workspaces:
  - null value not allowed

2025-12-02 13:29:27,661 [ERROR] [MainThread] [root/config.py:115]: The config file 'C:\Users\Moises.Dominguez\.config\yasb\config.yaml' contains validation errors. Please fix:
widgets:
- glazewm_workspaces:
  - null value not allowed

2025-12-02 13:32:13,836 [INFO] [MainThread] [root/controller.py:15]: Reloading Application because of config change.
2025-12-02 13:32:13,941 [INFO] [MainThread] [cli_server/cli_server.py:112]: Log pipe server stopped
2025-12-02 13:32:13,941 [DEBUG] [MainThread] [cli_server/cli_server.py:206]: CLI server stopped
2025-12-02 13:32:13,963 [INFO] [MainThread] [root/bar_manager.py:76]: Successfully loaded updated config and re-initialised all bars.
2025-12-02 13:32:14,613 [INFO] [MainThread] [root/log.py:69]: YASB v1.8.5
2025-12-02 13:32:14,615 [INFO] [Thread-1 (_run_server)] [cli_server/cli_server.py:212]: CLI server started v1.1.4
2025-12-02 13:32:14,615 [INFO] [MainThread] [cli_server/cli_server.py:104]: Log pipe server started
2025-12-02 13:32:14,616 [INFO] [MainThread] [root/main.py:45]: Waiting for previous YASB instance to exit...
2025-12-02 13:32:15,006 [INFO] [MainThread] [root/bar_manager.py:92]: Stopping SystemEventListener...
2025-12-02 13:32:15,007 [INFO] [MainThread] [root/bar_manager.py:92]: Stopping WindowsNotificationEventListener...
2025-12-02 13:32:15,055 [DEBUG] [MainThread] [qasync._windows._EventPoller/_windows.py:220]: Stopping worker thread...
2025-12-02 13:32:15,056 [DEBUG] [Dummy-7] [qasync._windows._EventWorker/_windows.py:204]: Exiting thread
2025-12-02 13:32:15,062 [DEBUG] [MainThread] [qasync._windows._IocpProactor/_windows.py:78]: Closing
2025-12-02 13:32:15,369 [INFO] [MainThread] [root/main.py:71]: Previous instance exited, continuing startup.
2025-12-02 13:32:17,113 [ERROR] [MainThread] [root/weather.py:60]: API key or location is missing. Please provide a valid API key and location.
2025-12-02 13:32:17,151 [INFO] [MainThread] [root/service.py:39]: AudioInputService starting...
2025-12-02 13:32:17,252 [INFO] [MainThread] [root/service.py:48]: AudioOutputService starting...
2025-12-02 13:32:17,795 [DEBUG] [MainThread] [root/win32_accent.py:123]: Failed to apply settings: [WinError 0] The operation completed successfully.
2025-12-02 13:32:18,076 [ERROR] [MainThread] [root/weather.py:60]: API key or location is missing. Please provide a valid API key and location.
2025-12-02 13:32:18,801 [DEBUG] [MainThread] [root/win32_accent.py:123]: Failed to apply settings: [WinError 0] The operation completed successfully.
2025-12-02 13:32:19,035 [INFO] [MainThread] [root/bar_manager.py:85]: Starting WindowsNotificationEventListener...
2025-12-02 13:32:19,037 [INFO] [MainThread] [root/bar_manager.py:85]: Starting SystemEventListener...
2025-12-02 13:32:19,038 [INFO] [MainThread] [root/watcher.py:54]: Created file watcher for path C:\Users\Moises.Dominguez\.config\yasb
2025-12-02 13:32:19,168 [DEBUG] [MainThread] [qasync._windows._EventPoller/_windows.py:215]: Starting (proactor: <_IocpProactor overlapped#=0 result#=0>)...
2025-12-02 13:32:19,170 [DEBUG] [Dummy-7] [qasync._windows._EventWorker/_windows.py:195]: Thread started
2025-12-02 13:33:38,491 [INFO] [MainThread] [root/controller.py:15]: Reloading Application because of config change.
2025-12-02 13:33:38,592 [INFO] [MainThread] [cli_server/cli_server.py:112]: Log pipe server stopped
2025-12-02 13:33:38,593 [DEBUG] [MainThread] [cli_server/cli_server.py:206]: CLI server stopped
2025-12-02 13:33:38,607 [INFO] [MainThread] [root/bar_manager.py:76]: Successfully loaded updated config and re-initialised all bars.
2025-12-02 13:33:39,258 [INFO] [MainThread] [root/log.py:69]: YASB v1.8.5
2025-12-02 13:33:39,259 [INFO] [Thread-1 (_run_server)] [cli_server/cli_server.py:212]: CLI server started v1.1.4
2025-12-02 13:33:39,260 [INFO] [MainThread] [cli_server/cli_server.py:104]: Log pipe server started
2025-12-02 13:33:39,261 [INFO] [MainThread] [root/main.py:45]: Waiting for previous YASB instance to exit...
2025-12-02 13:33:39,719 [INFO] [MainThread] [root/bar_manager.py:92]: Stopping WindowsNotificationEventListener...
2025-12-02 13:33:39,720 [INFO] [MainThread] [root/bar_manager.py:92]: Stopping SystemEventListener...
2025-12-02 13:33:39,752 [DEBUG] [MainThread] [qasync._windows._EventPoller/_windows.py:220]: Stopping worker thread...
2025-12-02 13:33:39,761 [DEBUG] [Dummy-7] [qasync._windows._EventWorker/_windows.py:204]: Exiting thread
2025-12-02 13:33:39,764 [DEBUG] [MainThread] [qasync._windows._IocpProactor/_windows.py:78]: Closing
2025-12-02 13:33:40,013 [INFO] [MainThread] [root/main.py:71]: Previous instance exited, continuing startup.
2025-12-02 13:33:41,109 [ERROR] [MainThread] [root/weather.py:60]: API key or location is missing. Please provide a valid API key and location.
2025-12-02 13:33:41,142 [INFO] [MainThread] [root/service.py:39]: AudioInputService starting...
2025-12-02 13:33:41,228 [INFO] [MainThread] [root/service.py:48]: AudioOutputService starting...
2025-12-02 13:33:41,772 [DEBUG] [MainThread] [root/win32_accent.py:123]: Failed to apply settings: [WinError 0] The operation completed successfully.
2025-12-02 13:33:42,006 [ERROR] [MainThread] [root/weather.py:60]: API key or location is missing. Please provide a valid API key and location.
2025-12-02 13:33:42,623 [DEBUG] [MainThread] [root/win32_accent.py:123]: Failed to apply settings: [WinError 0] The operation completed successfully.
2025-12-02 13:33:42,803 [INFO] [MainThread] [root/bar_manager.py:85]: Starting WindowsNotificationEventListener...
2025-12-02 13:33:42,804 [INFO] [MainThread] [root/bar_manager.py:85]: Starting SystemEventListener...
2025-12-02 13:33:42,805 [INFO] [MainThread] [root/watcher.py:54]: Created file watcher for path C:\Users\Moises.Dominguez\.config\yasb
2025-12-02 13:33:42,937 [DEBUG] [MainThread] [qasync._windows._EventPoller/_windows.py:215]: Starting (proactor: <_IocpProactor overlapped#=0 result#=0>)...
2025-12-02 13:33:42,941 [DEBUG] [Dummy-7] [qasync._windows._EventWorker/_windows.py:195]: Thread started
2025-12-02 13:34:05,553 [INFO] [MainThread] [root/controller.py:15]: Reloading Application because of config change.
2025-12-02 13:34:05,654 [INFO] [MainThread] [cli_server/cli_server.py:112]: Log pipe server stopped
2025-12-02 13:34:05,655 [DEBUG] [MainThread] [cli_server/cli_server.py:206]: CLI server stopped
2025-12-02 13:34:05,676 [INFO] [MainThread] [root/bar_manager.py:76]: Successfully loaded updated config and re-initialised all bars.
2025-12-02 13:34:06,328 [INFO] [MainThread] [root/log.py:69]: YASB v1.8.5
2025-12-02 13:34:06,329 [INFO] [Thread-1 (_run_server)] [cli_server/cli_server.py:212]: CLI server started v1.1.4
2025-12-02 13:34:06,330 [INFO] [MainThread] [cli_server/cli_server.py:104]: Log pipe server started
2025-12-02 13:34:06,330 [INFO] [MainThread] [root/main.py:45]: Waiting for previous YASB instance to exit...
2025-12-02 13:34:06,799 [INFO] [MainThread] [root/bar_manager.py:92]: Stopping WindowsNotificationEventListener...
2025-12-02 13:34:06,800 [INFO] [MainThread] [root/bar_manager.py:92]: Stopping SystemEventListener...
2025-12-02 13:34:06,835 [DEBUG] [MainThread] [qasync._windows._EventPoller/_windows.py:220]: Stopping worker thread...
2025-12-02 13:34:06,842 [DEBUG] [Dummy-7] [qasync._windows._EventWorker/_windows.py:204]: Exiting thread
2025-12-02 13:34:06,846 [DEBUG] [MainThread] [qasync._windows._IocpProactor/_windows.py:78]: Closing
2025-12-02 13:34:07,083 [INFO] [MainThread] [root/main.py:71]: Previous instance exited, continuing startup.
2025-12-02 13:34:08,247 [ERROR] [MainThread] [root/weather.py:60]: API key or location is missing. Please provide a valid API key and location.
2025-12-02 13:34:08,281 [INFO] [MainThread] [root/service.py:39]: AudioInputService starting...
2025-12-02 13:34:08,376 [INFO] [MainThread] [root/service.py:48]: AudioOutputService starting...
2025-12-02 13:34:08,932 [DEBUG] [MainThread] [root/win32_accent.py:123]: Failed to apply settings: [WinError 0] The operation completed successfully.
2025-12-02 13:34:09,166 [ERROR] [MainThread] [root/weather.py:60]: API key or location is missing. Please provide a valid API key and location.
2025-12-02 13:34:09,761 [DEBUG] [MainThread] [root/win32_accent.py:123]: Failed to apply settings: [WinError 0] The operation completed successfully.
2025-12-02 13:34:09,931 [INFO] [MainThread] [root/bar_manager.py:85]: Starting WindowsNotificationEventListener...
2025-12-02 13:34:09,933 [INFO] [MainThread] [root/bar_manager.py:85]: Starting SystemEventListener...
2025-12-02 13:34:09,933 [INFO] [MainThread] [root/watcher.py:54]: Created file watcher for path C:\Users\Moises.Dominguez\.config\yasb
2025-12-02 13:34:10,043 [DEBUG] [MainThread] [qasync._windows._EventPoller/_windows.py:215]: Starting (proactor: <_IocpProactor overlapped#=0 result#=0>)...
2025-12-02 13:34:10,045 [DEBUG] [Dummy-7] [qasync._windows._EventWorker/_windows.py:195]: Thread started
2025-12-02 13:34:45,122 [INFO] [MainThread] [root/controller.py:15]: Reloading Application because of config change.
2025-12-02 13:34:45,225 [INFO] [MainThread] [cli_server/cli_server.py:112]: Log pipe server stopped
2025-12-02 13:34:45,225 [DEBUG] [MainThread] [cli_server/cli_server.py:206]: CLI server stopped
2025-12-02 13:34:45,240 [INFO] [MainThread] [root/bar_manager.py:76]: Successfully loaded updated config and re-initialised all bars.
2025-12-02 13:34:45,883 [INFO] [MainThread] [root/log.py:69]: YASB v1.8.5
2025-12-02 13:34:45,884 [INFO] [Thread-1 (_run_server)] [cli_server/cli_server.py:212]: CLI server started v1.1.4
2025-12-02 13:34:45,885 [INFO] [MainThread] [cli_server/cli_server.py:104]: Log pipe server started
2025-12-02 13:34:45,886 [INFO] [MainThread] [root/main.py:45]: Waiting for previous YASB instance to exit...
2025-12-02 13:34:46,370 [INFO] [MainThread] [root/bar_manager.py:92]: Stopping WindowsNotificationEventListener...
2025-12-02 13:34:46,370 [INFO] [MainThread] [root/bar_manager.py:92]: Stopping SystemEventListener...
2025-12-02 13:34:46,405 [DEBUG] [MainThread] [qasync._windows._EventPoller/_windows.py:220]: Stopping worker thread...
2025-12-02 13:34:46,415 [DEBUG] [Dummy-7] [qasync._windows._EventWorker/_windows.py:204]: Exiting thread
2025-12-02 13:34:46,419 [DEBUG] [MainThread] [qasync._windows._IocpProactor/_windows.py:78]: Closing
2025-12-02 13:34:46,638 [INFO] [MainThread] [root/main.py:71]: Previous instance exited, continuing startup.
2025-12-02 13:34:47,814 [ERROR] [MainThread] [root/weather.py:60]: API key or location is missing. Please provide a valid API key and location.
2025-12-02 13:34:47,849 [INFO] [MainThread] [root/service.py:39]: AudioInputService starting...
2025-12-02 13:34:47,929 [INFO] [MainThread] [root/service.py:48]: AudioOutputService starting...
2025-12-02 13:34:48,490 [DEBUG] [MainThread] [root/win32_accent.py:123]: Failed to apply settings: [WinError 0] The operation completed successfully.
2025-12-02 13:34:48,748 [ERROR] [MainThread] [root/weather.py:60]: API key or location is missing. Please provide a valid API key and location.
2025-12-02 13:34:49,375 [DEBUG] [MainThread] [root/win32_accent.py:123]: Failed to apply settings: [WinError 0] The operation completed successfully.
2025-12-02 13:34:49,567 [INFO] [MainThread] [root/bar_manager.py:85]: Starting SystemEventListener...
2025-12-02 13:34:49,567 [INFO] [MainThread] [root/bar_manager.py:85]: Starting WindowsNotificationEventListener...
2025-12-02 13:34:49,569 [INFO] [MainThread] [root/watcher.py:54]: Created file watcher for path C:\Users\Moises.Dominguez\.config\yasb
2025-12-02 13:34:49,684 [DEBUG] [MainThread] [qasync._windows._EventPoller/_windows.py:215]: Starting (proactor: <_IocpProactor overlapped#=0 result#=0>)...
2025-12-02 13:34:49,686 [DEBUG] [Dummy-7] [qasync._windows._EventWorker/_windows.py:195]: Thread started
2025-12-02 14:46:49,371 [INFO] [MainThread] [root/bar_manager.py:80]: Screens updated. Re-initialising all bars.
2025-12-02 14:46:49,378 [INFO] [MainThread] [root/controller.py:15]: Reloading Application because of screen update.
2025-12-02 14:46:49,480 [INFO] [MainThread] [cli_server/cli_server.py:112]: Log pipe server stopped
2025-12-02 14:46:49,480 [DEBUG] [MainThread] [cli_server/cli_server.py:206]: CLI server stopped
2025-12-02 14:46:49,646 [INFO] [MainThread] [root/bar_manager.py:80]: Screens updated. Re-initialising all bars.
2025-12-02 14:46:49,646 [INFO] [MainThread] [root/controller.py:15]: Reloading Application because of screen update.
2025-12-02 14:46:49,762 [INFO] [MainThread] [cli_server/cli_server.py:112]: Log pipe server stopped
2025-12-02 14:46:49,762 [DEBUG] [MainThread] [cli_server/cli_server.py:206]: CLI server stopped
2025-12-02 14:46:50,284 [INFO] [MainThread] [root/bar_manager.py:92]: Stopping SystemEventListener...
2025-12-02 14:46:50,285 [INFO] [MainThread] [root/bar_manager.py:92]: Stopping WindowsNotificationEventListener...
2025-12-02 14:46:50,317 [INFO] [MainThread] [root/bar_manager.py:80]: Screens updated. Re-initialising all bars.
2025-12-02 14:46:50,318 [INFO] [MainThread] [root/controller.py:15]: Reloading Application because of screen update.
2025-12-02 14:46:50,352 [INFO] [MainThread] [root/log.py:69]: YASB v1.8.5
2025-12-02 14:46:50,353 [INFO] [Thread-1 (_run_server)] [cli_server/cli_server.py:212]: CLI server started v1.1.4
2025-12-02 14:46:50,353 [INFO] [MainThread] [cli_server/cli_server.py:104]: Log pipe server started
2025-12-02 14:46:50,354 [INFO] [MainThread] [root/main.py:45]: Waiting for previous YASB instance to exit...
2025-12-02 14:46:50,419 [INFO] [MainThread] [cli_server/cli_server.py:112]: Log pipe server stopped
2025-12-02 14:46:50,419 [DEBUG] [MainThread] [cli_server/cli_server.py:206]: CLI server stopped
2025-12-02 14:46:50,433 [DEBUG] [MainThread] [qasync._windows._EventPoller/_windows.py:220]: Stopping worker thread...
2025-12-02 14:46:50,443 [DEBUG] [Dummy-7] [qasync._windows._EventWorker/_windows.py:204]: Exiting thread
2025-12-02 14:46:50,445 [DEBUG] [MainThread] [qasync._windows._IocpProactor/_windows.py:78]: Closing
2025-12-02 14:46:50,604 [INFO] [MainThread] [root/main.py:71]: Previous instance exited, continuing startup.
2025-12-02 14:46:50,958 [INFO] [MainThread] [root/log.py:69]: YASB v1.8.5
2025-12-02 14:46:50,959 [INFO] [Thread-1 (_run_server)] [cli_server/cli_server.py:212]: CLI server started v1.1.4
2025-12-02 14:46:50,960 [INFO] [MainThread] [cli_server/cli_server.py:104]: Log pipe server started
2025-12-02 14:46:50,961 [INFO] [MainThread] [root/main.py:45]: Waiting for previous YASB instance to exit...
2025-12-02 14:46:51,243 [INFO] [MainThread] [root/log.py:69]: YASB v1.8.5
2025-12-02 14:46:51,243 [INFO] [Thread-1 (_run_server)] [cli_server/cli_server.py:212]: CLI server started v1.1.4
2025-12-02 14:46:51,244 [INFO] [MainThread] [cli_server/cli_server.py:104]: Log pipe server started
2025-12-02 14:46:51,244 [INFO] [MainThread] [root/main.py:45]: Waiting for previous YASB instance to exit...
2025-12-02 14:46:52,718 [ERROR] [MainThread] [root/weather.py:60]: API key or location is missing. Please provide a valid API key and location.
2025-12-02 14:46:52,752 [INFO] [MainThread] [root/service.py:39]: AudioInputService starting...
2025-12-02 14:46:52,845 [INFO] [MainThread] [root/service.py:48]: AudioOutputService starting...
2025-12-02 14:46:54,220 [DEBUG] [MainThread] [root/win32_accent.py:123]: Failed to apply settings: [WinError 0] The operation completed successfully.
2025-12-02 14:46:55,202 [INFO] [MainThread] [root/bar_manager.py:85]: Starting SystemEventListener...
2025-12-02 14:46:55,203 [INFO] [MainThread] [root/bar_manager.py:85]: Starting WindowsNotificationEventListener...
2025-12-02 14:46:55,204 [INFO] [MainThread] [root/watcher.py:54]: Created file watcher for path C:\Users\Moises.Dominguez\.config\yasb
2025-12-02 14:46:55,392 [DEBUG] [MainThread] [qasync._windows._EventPoller/_windows.py:215]: Starting (proactor: <_IocpProactor overlapped#=0 result#=0>)...
2025-12-02 14:46:55,394 [DEBUG] [Dummy-6] [qasync._windows._EventWorker/_windows.py:195]: Thread started
2025-12-02 14:47:00,991 [ERROR] [MainThread] [root/main.py:68]: Timeout waiting for previous instance. Aborting start.
2025-12-02 14:47:01,491 [ERROR] [MainThread] [root/main.py:68]: Timeout waiting for previous instance. Aborting start.
2025-12-02 14:58:16,473 [INFO] [MainThread] [root/bar.py:154]: Screen geometry changed. Updating position for bar primary-bar on screen \\.\DISPLAY1
2025-12-02 16:57:12,826 [INFO] [MainThread] [root/log.py:69]: YASB v1.8.5
2025-12-02 16:57:12,827 [INFO] [Thread-1 (_run_server)] [cli_server/cli_server.py:212]: CLI server started v1.1.4
2025-12-02 16:57:12,828 [INFO] [MainThread] [cli_server/cli_server.py:104]: Log pipe server started
2025-12-02 16:57:14,387 [ERROR] [MainThread] [root/weather.py:60]: API key or location is missing. Please provide a valid API key and location.
2025-12-02 16:57:14,421 [INFO] [MainThread] [root/service.py:39]: AudioInputService starting...
2025-12-02 16:57:14,544 [INFO] [MainThread] [root/service.py:48]: AudioOutputService starting...
2025-12-02 16:57:14,987 [DEBUG] [MainThread] [root/win32_accent.py:123]: Failed to apply settings: [WinError 0] The operation completed successfully.
2025-12-02 16:57:15,181 [ERROR] [MainThread] [root/weather.py:60]: API key or location is missing. Please provide a valid API key and location.
2025-12-02 16:57:15,351 [DEBUG] [MainThread] [root/win32_accent.py:123]: Failed to apply settings: [WinError 0] The operation completed successfully.
2025-12-02 16:57:15,453 [INFO] [MainThread] [root/bar_manager.py:85]: Starting SystemEventListener...
2025-12-02 16:57:15,454 [INFO] [MainThread] [root/bar_manager.py:85]: Starting WindowsNotificationEventListener...
2025-12-02 16:57:15,456 [INFO] [MainThread] [root/watcher.py:54]: Created file watcher for path C:\Users\Moises.Dominguez\.config\yasb
2025-12-02 16:57:15,593 [DEBUG] [MainThread] [qasync._windows._EventPoller/_windows.py:215]: Starting (proactor: <_IocpProactor overlapped#=0 result#=0>)...
2025-12-02 16:57:15,595 [DEBUG] [Dummy-7] [qasync._windows._EventWorker/_windows.py:195]: Thread started
2025-12-02 17:02:32,205 [INFO] [MainThread] [root/controller.py:15]: Reloading Application because of config change.
2025-12-02 17:02:32,310 [INFO] [MainThread] [cli_server/cli_server.py:112]: Log pipe server stopped
2025-12-02 17:02:32,310 [DEBUG] [MainThread] [cli_server/cli_server.py:206]: CLI server stopped
2025-12-02 17:02:32,322 [INFO] [MainThread] [root/bar_manager.py:76]: Successfully loaded updated config and re-initialised all bars.
2025-12-02 17:02:32,606 [INFO] [MainThread] [root/bar_manager.py:92]: Stopping SystemEventListener...
2025-12-02 17:02:32,607 [INFO] [MainThread] [root/bar_manager.py:92]: Stopping WindowsNotificationEventListener...
2025-12-02 17:02:32,624 [DEBUG] [MainThread] [qasync._windows._EventPoller/_windows.py:220]: Stopping worker thread...
2025-12-02 17:02:32,632 [DEBUG] [Dummy-7] [qasync._windows._EventWorker/_windows.py:204]: Exiting thread
2025-12-02 17:02:32,634 [DEBUG] [MainThread] [qasync._windows._IocpProactor/_windows.py:78]: Closing
2025-12-02 17:02:32,771 [INFO] [MainThread] [root/log.py:69]: YASB v1.8.5
2025-12-02 17:02:32,772 [INFO] [Thread-1 (_run_server)] [cli_server/cli_server.py:212]: CLI server started v1.1.4
2025-12-02 17:02:32,772 [INFO] [MainThread] [cli_server/cli_server.py:104]: Log pipe server started
2025-12-02 17:02:32,773 [INFO] [MainThread] [root/main.py:45]: Waiting for previous YASB instance to exit...
2025-12-02 17:02:36,786 [INFO] [MainThread] [root/main.py:71]: Previous instance exited, continuing startup.
2025-12-02 17:02:37,619 [ERROR] [MainThread] [root/weather.py:60]: API key or location is missing. Please provide a valid API key and location.
2025-12-02 17:02:37,641 [INFO] [MainThread] [root/service.py:39]: AudioInputService starting...
2025-12-02 17:02:37,694 [INFO] [MainThread] [root/service.py:48]: AudioOutputService starting...
2025-12-02 17:02:37,890 [DEBUG] [MainThread] [root/win32_accent.py:123]: Failed to apply settings: [WinError 0] The operation completed successfully.
2025-12-02 17:02:38,005 [ERROR] [MainThread] [root/weather.py:60]: API key or location is missing. Please provide a valid API key and location.
2025-12-02 17:02:38,164 [DEBUG] [MainThread] [root/win32_accent.py:123]: Failed to apply settings: [WinError 0] The operation completed successfully.
2025-12-02 17:02:38,232 [INFO] [MainThread] [root/bar_manager.py:85]: Starting SystemEventListener...
2025-12-02 17:02:38,232 [INFO] [MainThread] [root/bar_manager.py:85]: Starting WindowsNotificationEventListener...
2025-12-02 17:02:38,233 [INFO] [MainThread] [root/watcher.py:54]: Created file watcher for path C:\Users\Moises.Dominguez\.config\yasb
2025-12-02 17:02:38,304 [DEBUG] [MainThread] [qasync._windows._EventPoller/_windows.py:215]: Starting (proactor: <_IocpProactor overlapped#=0 result#=0>)...
2025-12-02 17:02:38,305 [DEBUG] [Dummy-7] [qasync._windows._EventWorker/_windows.py:195]: Thread started
2025-12-02 17:03:28,290 [INFO] [MainThread] [root/controller.py:15]: Reloading Application because of config change.
2025-12-02 17:03:28,391 [INFO] [MainThread] [cli_server/cli_server.py:112]: Log pipe server stopped
2025-12-02 17:03:28,391 [DEBUG] [MainThread] [cli_server/cli_server.py:206]: CLI server stopped
2025-12-02 17:03:28,398 [INFO] [MainThread] [root/bar_manager.py:76]: Successfully loaded updated config and re-initialised all bars.
2025-12-02 17:03:28,689 [INFO] [MainThread] [root/bar_manager.py:92]: Stopping SystemEventListener...
2025-12-02 17:03:28,689 [INFO] [MainThread] [root/bar_manager.py:92]: Stopping WindowsNotificationEventListener...
2025-12-02 17:03:28,703 [DEBUG] [MainThread] [qasync._windows._EventPoller/_windows.py:220]: Stopping worker thread...
2025-12-02 17:03:28,709 [DEBUG] [Dummy-7] [qasync._windows._EventWorker/_windows.py:204]: Exiting thread
2025-12-02 17:03:28,712 [DEBUG] [MainThread] [qasync._windows._IocpProactor/_windows.py:78]: Closing
2025-12-02 17:03:28,798 [INFO] [MainThread] [root/log.py:69]: YASB v1.8.5
2025-12-02 17:03:28,799 [INFO] [Thread-1 (_run_server)] [cli_server/cli_server.py:212]: CLI server started v1.1.4
2025-12-02 17:03:28,799 [INFO] [MainThread] [cli_server/cli_server.py:104]: Log pipe server started
2025-12-02 17:03:29,369 [ERROR] [MainThread] [root/weather.py:60]: API key or location is missing. Please provide a valid API key and location.
2025-12-02 17:03:29,388 [INFO] [MainThread] [root/service.py:39]: AudioInputService starting...
2025-12-02 17:03:29,441 [INFO] [MainThread] [root/service.py:48]: AudioOutputService starting...
2025-12-02 17:03:29,630 [DEBUG] [MainThread] [root/win32_accent.py:123]: Failed to apply settings: [WinError 0] The operation completed successfully.
2025-12-02 17:03:29,729 [ERROR] [MainThread] [root/weather.py:60]: API key or location is missing. Please provide a valid API key and location.
2025-12-02 17:03:29,871 [DEBUG] [MainThread] [root/win32_accent.py:123]: Failed to apply settings: [WinError 0] The operation completed successfully.
2025-12-02 17:03:29,943 [INFO] [MainThread] [root/bar_manager.py:85]: Starting WindowsNotificationEventListener...
2025-12-02 17:03:29,944 [INFO] [MainThread] [root/bar_manager.py:85]: Starting SystemEventListener...
2025-12-02 17:03:29,945 [INFO] [MainThread] [root/watcher.py:54]: Created file watcher for path C:\Users\Moises.Dominguez\.config\yasb
2025-12-02 17:03:30,019 [DEBUG] [MainThread] [qasync._windows._EventPoller/_windows.py:215]: Starting (proactor: <_IocpProactor overlapped#=0 result#=0>)...
2025-12-02 17:03:30,020 [DEBUG] [Dummy-7] [qasync._windows._EventWorker/_windows.py:195]: Thread started
2025-12-02 17:03:30,081 [ERROR] [MainThread] [root/main.py:146]: Unhandled exception
Traceback (most recent call last):
  File "D:\a\yasb\yasb\src\core\widgets\glazewm\workspaces.py", line 592, in _update_workspaces
  File "D:\a\yasb\yasb\src\core\widgets\glazewm\workspaces.py", line 79, in update_button
  File "D:\a\yasb\yasb\src\core\widgets\glazewm\workspaces.py", line 129, in _update_label
KeyError: 'number'
2025-12-02 17:03:48,399 [INFO] [MainThread] [root/log.py:69]: YASB v1.8.5
2025-12-02 17:03:48,400 [INFO] [Thread-1 (_run_server)] [cli_server/cli_server.py:212]: CLI server started v1.1.4
2025-12-02 17:03:48,400 [INFO] [MainThread] [cli_server/cli_server.py:104]: Log pipe server started
2025-12-02 17:03:48,919 [ERROR] [MainThread] [root/weather.py:60]: API key or location is missing. Please provide a valid API key and location.
2025-12-02 17:03:48,936 [INFO] [MainThread] [root/service.py:39]: AudioInputService starting...
2025-12-02 17:03:48,987 [INFO] [MainThread] [root/service.py:48]: AudioOutputService starting...
2025-12-02 17:03:49,133 [DEBUG] [MainThread] [root/win32_accent.py:123]: Failed to apply settings: [WinError 0] The operation completed successfully.
2025-12-02 17:03:49,303 [ERROR] [MainThread] [root/weather.py:60]: API key or location is missing. Please provide a valid API key and location.
2025-12-02 17:03:49,457 [DEBUG] [MainThread] [root/win32_accent.py:123]: Failed to apply settings: [WinError 0] The operation completed successfully.
2025-12-02 17:03:49,532 [INFO] [MainThread] [root/bar_manager.py:85]: Starting WindowsNotificationEventListener...
2025-12-02 17:03:49,534 [INFO] [MainThread] [root/bar_manager.py:85]: Starting SystemEventListener...
2025-12-02 17:03:49,534 [INFO] [MainThread] [root/watcher.py:54]: Created file watcher for path C:\Users\Moises.Dominguez\.config\yasb
2025-12-02 17:03:49,617 [DEBUG] [MainThread] [qasync._windows._EventPoller/_windows.py:215]: Starting (proactor: <_IocpProactor overlapped#=0 result#=0>)...
2025-12-02 17:03:49,619 [DEBUG] [Dummy-7] [qasync._windows._EventWorker/_windows.py:195]: Thread started
2025-12-02 17:03:49,679 [ERROR] [MainThread] [root/main.py:146]: Unhandled exception
Traceback (most recent call last):
  File "D:\a\yasb\yasb\src\core\widgets\glazewm\workspaces.py", line 592, in _update_workspaces
  File "D:\a\yasb\yasb\src\core\widgets\glazewm\workspaces.py", line 79, in update_button
  File "D:\a\yasb\yasb\src\core\widgets\glazewm\workspaces.py", line 129, in _update_label
KeyError: 'number'
2025-12-02 17:05:13,949 [INFO] [MainThread] [root/log.py:69]: YASB v1.8.5
2025-12-02 17:05:13,950 [INFO] [Thread-1 (_run_server)] [cli_server/cli_server.py:212]: CLI server started v1.1.4
2025-12-02 17:05:13,950 [INFO] [MainThread] [cli_server/cli_server.py:104]: Log pipe server started
2025-12-02 17:05:14,497 [ERROR] [MainThread] [root/weather.py:60]: API key or location is missing. Please provide a valid API key and location.
2025-12-02 17:05:14,515 [INFO] [MainThread] [root/service.py:39]: AudioInputService starting...
2025-12-02 17:05:14,568 [INFO] [MainThread] [root/service.py:48]: AudioOutputService starting...
2025-12-02 17:05:14,730 [DEBUG] [MainThread] [root/win32_accent.py:123]: Failed to apply settings: [WinError 0] The operation completed successfully.
2025-12-02 17:05:14,804 [WARNING] [MainThread] [root/widget_builder.py:37]: Ignoring construction of invalid widget 'glazewm_workspaces'
2025-12-02 17:05:14,855 [ERROR] [MainThread] [root/weather.py:60]: API key or location is missing. Please provide a valid API key and location.
2025-12-02 17:05:15,041 [DEBUG] [MainThread] [root/win32_accent.py:123]: Failed to apply settings: [WinError 0] The operation completed successfully.
2025-12-02 17:05:15,075 [INFO] [MainThread] [root/bar_manager.py:85]: Starting WindowsNotificationEventListener...
2025-12-02 17:05:15,077 [INFO] [MainThread] [root/bar_manager.py:85]: Starting SystemEventListener...
2025-12-02 17:05:15,077 [ERROR] [MainThread] [root/widget_builder.py:100]: Failed to validate widget(s) due to invalid options  - glazewm_workspaces
      show_number:
      - unknown field
      
2025-12-02 17:05:15,131 [INFO] [MainThread] [root/watcher.py:54]: Created file watcher for path C:\Users\Moises.Dominguez\.config\yasb
2025-12-02 17:05:15,204 [DEBUG] [MainThread] [qasync._windows._EventPoller/_windows.py:215]: Starting (proactor: <_IocpProactor overlapped#=0 result#=0>)...
2025-12-02 17:05:15,206 [DEBUG] [Dummy-7] [qasync._windows._EventWorker/_windows.py:195]: Thread started
2025-12-02 17:09:09,733 [INFO] [MainThread] [root/log.py:69]: YASB v1.8.5
2025-12-02 17:09:09,733 [INFO] [Thread-1 (_run_server)] [cli_server/cli_server.py:212]: CLI server started v1.1.4
2025-12-02 17:09:09,734 [INFO] [MainThread] [cli_server/cli_server.py:104]: Log pipe server started
2025-12-02 17:09:10,274 [ERROR] [MainThread] [root/weather.py:60]: API key or location is missing. Please provide a valid API key and location.
2025-12-02 17:09:10,295 [INFO] [MainThread] [root/service.py:39]: AudioInputService starting...
2025-12-02 17:09:10,348 [INFO] [MainThread] [root/service.py:48]: AudioOutputService starting...
2025-12-02 17:09:10,508 [DEBUG] [MainThread] [root/win32_accent.py:123]: Failed to apply settings: [WinError 0] The operation completed successfully.
2025-12-02 17:09:10,696 [ERROR] [MainThread] [root/weather.py:60]: API key or location is missing. Please provide a valid API key and location.
2025-12-02 17:09:10,863 [DEBUG] [MainThread] [root/win32_accent.py:123]: Failed to apply settings: [WinError 0] The operation completed successfully.
2025-12-02 17:09:10,949 [INFO] [MainThread] [root/bar_manager.py:85]: Starting WindowsNotificationEventListener...
2025-12-02 17:09:10,950 [INFO] [MainThread] [root/bar_manager.py:85]: Starting SystemEventListener...
2025-12-02 17:09:10,951 [INFO] [MainThread] [root/watcher.py:54]: Created file watcher for path C:\Users\Moises.Dominguez\.config\yasb
2025-12-02 17:09:11,030 [DEBUG] [MainThread] [qasync._windows._EventPoller/_windows.py:215]: Starting (proactor: <_IocpProactor overlapped#=0 result#=0>)...
2025-12-02 17:09:11,031 [DEBUG] [Dummy-7] [qasync._windows._EventWorker/_windows.py:195]: Thread started
2025-12-02 17:16:11,237 [INFO] [MainThread] [root/utilities.py:384]: YASB added to startup
2025-12-04 08:09:28,595 [INFO] [MainThread] [root/log.py:69]: YASB v1.8.5
2025-12-04 08:09:28,597 [INFO] [Thread-1 (_run_server)] [cli_server/cli_server.py:212]: CLI server started v1.1.4
2025-12-04 08:09:28,597 [INFO] [MainThread] [cli_server/cli_server.py:104]: Log pipe server started
2025-12-04 08:09:32,690 [ERROR] [MainThread] [root/weather.py:60]: API key or location is missing. Please provide a valid API key and location.
2025-12-04 08:09:32,719 [INFO] [MainThread] [root/service.py:39]: AudioInputService starting...
2025-12-04 08:09:32,804 [INFO] [MainThread] [root/service.py:48]: AudioOutputService starting...
2025-12-04 08:09:33,093 [DEBUG] [MainThread] [root/win32_accent.py:123]: Failed to apply settings: [WinError 0] The operation completed successfully.
2025-12-04 08:09:33,276 [ERROR] [MainThread] [root/weather.py:60]: API key or location is missing. Please provide a valid API key and location.
2025-12-04 08:09:33,466 [DEBUG] [MainThread] [root/win32_accent.py:123]: Failed to apply settings: [WinError 0] The operation completed successfully.
2025-12-04 08:09:33,544 [INFO] [MainThread] [root/bar_manager.py:85]: Starting WindowsNotificationEventListener...
2025-12-04 08:09:33,546 [INFO] [MainThread] [root/bar_manager.py:85]: Starting SystemEventListener...
2025-12-04 08:09:33,547 [INFO] [MainThread] [root/watcher.py:54]: Created file watcher for path C:\Users\Moises.Dominguez\.config\yasb
2025-12-04 08:09:33,716 [DEBUG] [MainThread] [qasync._windows._EventPoller/_windows.py:215]: Starting (proactor: <_IocpProactor overlapped#=0 result#=0>)...
2025-12-04 08:09:33,718 [DEBUG] [Dummy-7] [qasync._windows._EventWorker/_windows.py:195]: Thread started
2025-12-08 08:15:58,970 [INFO] [MainThread] [root/log.py:69]: YASB v1.8.5
2025-12-08 08:15:58,972 [INFO] [Thread-1 (_run_server)] [cli_server/cli_server.py:212]: CLI server started v1.1.4
2025-12-08 08:15:58,972 [INFO] [MainThread] [cli_server/cli_server.py:104]: Log pipe server started
2025-12-08 08:16:01,082 [ERROR] [MainThread] [root/weather.py:60]: API key or location is missing. Please provide a valid API key and location.
2025-12-08 08:16:01,118 [INFO] [MainThread] [root/service.py:39]: AudioInputService starting...
2025-12-08 08:16:01,264 [INFO] [MainThread] [root/service.py:48]: AudioOutputService starting...
2025-12-08 08:16:01,723 [DEBUG] [MainThread] [root/win32_accent.py:123]: Failed to apply settings: [WinError 0] The operation completed successfully.
2025-12-08 08:16:01,939 [ERROR] [MainThread] [root/weather.py:60]: API key or location is missing. Please provide a valid API key and location.
2025-12-08 08:16:02,160 [DEBUG] [MainThread] [root/win32_accent.py:123]: Failed to apply settings: [WinError 0] The operation completed successfully.
2025-12-08 08:16:02,233 [INFO] [MainThread] [root/bar_manager.py:85]: Starting SystemEventListener...
2025-12-08 08:16:02,235 [INFO] [MainThread] [root/bar_manager.py:85]: Starting WindowsNotificationEventListener...
2025-12-08 08:16:02,236 [INFO] [MainThread] [root/watcher.py:54]: Created file watcher for path C:\Users\Moises.Dominguez\.config\yasb
2025-12-08 08:16:02,363 [DEBUG] [MainThread] [qasync._windows._EventPoller/_windows.py:215]: Starting (proactor: <_IocpProactor overlapped#=0 result#=0>)...
2025-12-08 08:16:02,365 [DEBUG] [Dummy-7] [qasync._windows._EventWorker/_windows.py:195]: Thread started
2025-12-08 13:12:57,858 [ERROR] [MainThread] [root/app_icons.py:282]: GetIconInfo failed: 1540360897
2025-12-09 10:08:08,596 [INFO] [MainThread] [root/controller.py:35]: Exiting Application from tray...
2025-12-09 10:08:08,716 [INFO] [MainThread] [cli_server/cli_server.py:112]: Log pipe server stopped
2025-12-09 10:08:08,716 [DEBUG] [MainThread] [cli_server/cli_server.py:206]: CLI server stopped
2025-12-09 10:08:09,244 [INFO] [MainThread] [root/bar_manager.py:92]: Stopping SystemEventListener...
2025-12-09 10:08:09,246 [INFO] [MainThread] [root/bar_manager.py:92]: Stopping WindowsNotificationEventListener...
2025-12-09 10:08:09,299 [DEBUG] [MainThread] [qasync._windows._EventPoller/_windows.py:220]: Stopping worker thread...
2025-12-09 10:08:09,299 [DEBUG] [Dummy-7] [qasync._windows._EventWorker/_windows.py:204]: Exiting thread
2025-12-09 10:08:09,306 [DEBUG] [MainThread] [qasync._windows._IocpProactor/_windows.py:78]: Closing
2025-12-09 12:03:15,930 [INFO] [MainThread] [root/log.py:69]: YASB v1.8.5
2025-12-09 12:03:15,931 [INFO] [Thread-1 (_run_server)] [cli_server/cli_server.py:212]: CLI server started v1.1.4
2025-12-09 12:03:15,931 [INFO] [MainThread] [cli_server/cli_server.py:104]: Log pipe server started
2025-12-09 12:03:17,040 [ERROR] [MainThread] [root/weather.py:60]: API key or location is missing. Please provide a valid API key and location.
2025-12-09 12:03:17,059 [INFO] [MainThread] [root/service.py:39]: AudioInputService starting...
2025-12-09 12:03:17,108 [INFO] [MainThread] [root/service.py:48]: AudioOutputService starting...
2025-12-09 12:03:17,412 [DEBUG] [MainThread] [root/win32_accent.py:123]: Failed to apply settings: [WinError 0] The operation completed successfully.
2025-12-09 12:03:17,583 [ERROR] [MainThread] [root/weather.py:60]: API key or location is missing. Please provide a valid API key and location.
2025-12-09 12:03:17,779 [DEBUG] [MainThread] [root/win32_accent.py:123]: Failed to apply settings: [WinError 0] The operation completed successfully.
2025-12-09 12:03:17,894 [INFO] [MainThread] [root/bar_manager.py:85]: Starting WindowsNotificationEventListener...
2025-12-09 12:03:17,896 [INFO] [MainThread] [root/bar_manager.py:85]: Starting SystemEventListener...
2025-12-09 12:03:17,897 [INFO] [MainThread] [root/watcher.py:54]: Created file watcher for path C:\Users\Moises.Dominguez\.config\yasb
2025-12-09 12:03:18,004 [DEBUG] [MainThread] [qasync._windows._EventPoller/_windows.py:215]: Starting (proactor: <_IocpProactor overlapped#=0 result#=0>)...
2025-12-09 12:03:18,006 [DEBUG] [Dummy-7] [qasync._windows._EventWorker/_windows.py:195]: Thread started
2025-12-10 07:57:42,077 [INFO] [MainThread] [root/log.py:69]: YASB v1.8.5
2025-12-10 07:57:42,080 [INFO] [Thread-1 (_run_server)] [cli_server/cli_server.py:212]: CLI server started v1.1.4
2025-12-10 07:57:42,081 [INFO] [MainThread] [cli_server/cli_server.py:104]: Log pipe server started
2025-12-10 07:57:43,703 [ERROR] [MainThread] [root/weather.py:60]: API key or location is missing. Please provide a valid API key and location.
2025-12-10 07:57:43,734 [INFO] [MainThread] [root/service.py:39]: AudioInputService starting...
2025-12-10 07:57:43,791 [INFO] [MainThread] [root/service.py:48]: AudioOutputService starting...
2025-12-10 07:57:44,022 [DEBUG] [MainThread] [root/win32_accent.py:123]: Failed to apply settings: [WinError 0] The operation completed successfully.
2025-12-10 07:57:44,146 [ERROR] [MainThread] [root/weather.py:60]: API key or location is missing. Please provide a valid API key and location.
2025-12-10 07:57:44,304 [DEBUG] [MainThread] [root/win32_accent.py:123]: Failed to apply settings: [WinError 0] The operation completed successfully.
2025-12-10 07:57:44,352 [INFO] [MainThread] [root/bar_manager.py:85]: Starting SystemEventListener...
2025-12-10 07:57:44,353 [INFO] [MainThread] [root/bar_manager.py:85]: Starting WindowsNotificationEventListener...
2025-12-10 07:57:44,355 [INFO] [MainThread] [root/watcher.py:54]: Created file watcher for path C:\Users\Moises.Dominguez\.config\yasb
2025-12-10 07:57:44,468 [DEBUG] [MainThread] [qasync._windows._EventPoller/_windows.py:215]: Starting (proactor: <_IocpProactor overlapped#=0 result#=0>)...
2025-12-10 07:57:44,469 [DEBUG] [Dummy-7] [qasync._windows._EventWorker/_windows.py:195]: Thread started
2025-12-10 07:57:49,675 [INFO] [MainThread] [root/log.py:69]: YASB v1.8.5
2025-12-10 07:57:49,676 [INFO] [Thread-1 (_run_server)] [cli_server/cli_server.py:212]: CLI server started v1.1.4
2025-12-10 07:57:49,677 [INFO] [MainThread] [cli_server/cli_server.py:104]: Log pipe server started
2025-12-10 07:57:49,677 [ERROR] [MainThread] [root/main.py:74]: Another instance of the YASB is already running.
